# Host: localhost  (Version: 5.7.26)
# Date: 2025-08-30 00:01:18
# Generator: MySQL-Front 5.3  (Build 4.234)

/*!40101 SET NAMES utf8 */;

#
# Structure for table "classes"
#

DROP TABLE IF EXISTS `classes`;
CREATE TABLE `classes` (
  `class_id` int(11) NOT NULL AUTO_INCREMENT,
  `class_name` varchar(50) COLLATE utf8_unicode_ci DEFAULT NULL,
  PRIMARY KEY (`class_id`)
) ENGINE=MyISAM AUTO_INCREMENT=3 DEFAULT CHARSET=utf8 COLLATE=utf8_unicode_ci;

#
# Data for table "classes"
#

/*!40000 ALTER TABLE `classes` DISABLE KEYS */;
INSERT INTO `classes` VALUES (1,'3班'),(2,'4班');
/*!40000 ALTER TABLE `classes` ENABLE KEYS */;

#
# Structure for table "questions"
#

DROP TABLE IF EXISTS `questions`;
CREATE TABLE `questions` (
  `question_id` int(11) NOT NULL AUTO_INCREMENT,
  `difficulty_level` enum('easy','medium') COLLATE utf8_unicode_ci DEFAULT NULL,
  `topic` varchar(100) COLLATE utf8_unicode_ci DEFAULT NULL,
  `question_text` text COLLATE utf8_unicode_ci,
  `question_image` varchar(255) COLLATE utf8_unicode_ci DEFAULT NULL,
  `answer_text` text COLLATE utf8_unicode_ci,
  `created_at` timestamp NOT NULL DEFAULT CURRENT_TIMESTAMP,
  PRIMARY KEY (`question_id`)
) ENGINE=MyISAM AUTO_INCREMENT=130 DEFAULT CHARSET=utf8 COLLATE=utf8_unicode_ci;

#
# Data for table "questions"
#

/*!40000 ALTER TABLE `questions` DISABLE KEYS */;
INSERT INTO `questions` VALUES (1,'easy','滑变问题','<p>电源电压 U = 6V，定值电阻 R<sub>2</sub> = 10Ω，滑动变阻器 R<sub>1</sub> 的阻值变化范围为 0～20Ω。求：</p>\n<ol>\n  <li>当滑片在 R<sub>1</sub>____________（最上/最下）端时，电路中电流最小？为多少？</li>\n  <li>当滑片在 R<sub>1</sub>____________（最上/最下）端时，电路中总功率 P 最大？为多少？</li>\n  <li>若电路中电流表的量程为 0～0.3A，R<sub>1</sub> 的取值范围为多少？</li>\n</ol>','image/2.2.jpg','<ol>\n  <li>最下端，I<sub>min</sub> = 6V/30Ω = 0.2A</li>\n  <li>最上端，P<sub>max</sub> = U × I<sub>max</sub> = 6V × (6V/10Ω) = 3.6W</li>\n  <li>当 R<sub>1</sub> 减小时，电路中的电流 I 增大。I 有上限 0.3A，则在 I = 0.3A 时求 R<sub>1</sub> 的最小值。<br>由 R<sub>总</sub> = U<sub>总</sub>/I = 6V/0.3A = 20Ω，则 R<sub>1</sub> = R<sub>总</sub> - R<sub>2</sub> = 10Ω。<br>R<sub>1</sub> 的取值范围为 10Ω～20Ω。</li>\n</ol>','2025-05-21 12:43:53'),(2,'easy','滑变问题','<p>电源电压 U = 12V，定值电阻 R<sub>2</sub> = 5Ω，滑动变阻器 R<sub>1</sub> 的阻值变化范围为 0～30Ω。求：</p>\n<ol>\n  <li>电路中电流的变化范围是多少？</li>\n  <li>电路总功率的变化范围是多少？</li>\n  <li>当电流表为其量程最大值 1A 时，R<sub>1</sub> 接入电路的阻值是多少？此时取得是保证电路安全的R<sub>1</sub>的________（最小值/最大值）。</li>\n</ol>','image/2.2.jpg','<ol>\n  <li>I<sub>min</sub> = U/(R<sub>2</sub> + R<sub>1max</sub>) = 12/35 ≈ 0.34A，<br>I<sub>max</sub> = U/R<sub>2</sub> = 12/5 = 2.4A</li>\n  <li>P<sub>min</sub> = I<sub>min</sub><sup>2</sup> × (R<sub>2</sub> + R<sub>1max</sub>) ≈ 0.34<sup>2</sup> × 35 ≈ 4.0W，<br>P<sub>max</sub> = U<sup>2</sup>/R<sub>2</sub> = 144/5 = 28.8W</li>\n  <li>R<sub>total</sub> = U/I = 12/1 = 12Ω，<br>R<sub>1</sub> = 12 - 5 = 7Ω<br>最小值</li>\n</ol>','2025-05-21 21:55:15'),(3,'easy','滑变问题','<p>电源电压 U = 9V，定值电阻 R<sub>2</sub> = 15Ω，电流表量程为 0～0.5A。求：</p>\n<ol>\n  <li>滑动变阻器 R<sub>1</sub> 的最小阻值为多少？</li>\n  <li>当 R<sub>1</sub> = 30Ω 时，电路的总功率是多少？</li>\n  <li>若 R<sub>1</sub> 的调节范围为 10～50Ω，电路中电流的变化范围是多少？（保留小数点后两位）</li>\n</ol>','image/2.2.jpg','<ol>\n  <li>R<sub>total</sub>&nbsp;= U/I<sub>max</sub> = 9/0.5 = 18Ω，<br>R<sub>1min</sub> = 18 - 15 = 3Ω</li>\n  <li>P = U<sup>2</sup>/(R<sub>2</sub> + R<sub>1</sub>) = 81/45 = 1.8W</li>\n  <li>I<sub>min</sub> = 9/65 ≈ 0.36A，<br>I<sub>max</sub> = 9/25 = 0.5A</li>\n</ol>','2025-05-21 21:55:46'),(4,'easy','滑变问题','<p>电源电压 U = 24V，定值电阻 R<sub>2</sub> = 8Ω，滑动变阻器 R<sub>1</sub> 的阻值变化范围为 0～40Ω。求：</p>\n<ol>\n  <li>电路中电流的变化范围是多少？</li>\n  <li>电路总功率的变化范围是多少？</li>\n  <li>当 R<span style=\"font-size: 13.3333px;\"></span><sub>2&nbsp;</sub>消耗的功率为 8W 时，R<sub>1</sub> 的阻值是多少？</li>\n</ol>','image/2.2.jpg','<ol>\n  <li>当 R<sub>1</sub> 取最大值 40Ω 时，电路中电流最小：I<sub>min</sub> = 24V/(40Ω+8Ω) = 0.5A<br>\n      当 R<sub>1</sub> 取值为 0Ω 时，电路中电流最大：I<sub>max</sub> = 24V/8Ω = 3A</li>\n  <li>电路中 I 取最小值时，电路功率最小：P<sub>min</sub> = I<sup>2</sup>×R = (0.5A)<sup>2</sup>×48Ω = 12W<br> \n      当 I 取最大值时，电路功率最大：P<sub>max</sub> = (3A)<sup>2</sup>×8Ω = 72W</li>\n  <li>由 P = I<sup>2</sup>R<sub>2</sub>，解得I= 1A，<br>则R<sub>总</sub>=U/I=24V/1A=24Ω，<br>R<sub>1</sub>=R<sub>总</sub>-R<sub>2</sub>=16Ω</li>\n</ol>','2025-05-21 21:56:10'),(5,'medium','滑变问题','<p>电源电压 U = 3V，滑动变阻器 R<sub>1</sub> 的阻值变化范围为 0～10Ω，电流表量程为 0～0.6A。求：</p>\n<ol>\n  <li>为了保护电路，定值电阻 R<sub>2</sub> 至少需要多大？</li>\n  <li>当 R<sub>1</sub> = 5Ω ，R<sub>2</sub>取第一小问的最小值时，电路的总功率是多少？</li>\n  <li>若 R<sub>2</sub> = 2Ω，电路中电流的变化范围是多少？</li>\n</ol>','image/2.2.jpg','<ol>\n  <li>R<sub>total</sub>&nbsp;= U/I<sub>max</sub> = 3/0.6 = 5Ω，<br>则R<sub>2min</sub>&nbsp;= 5 - 0 = 5Ω</li>\n  <li>P = U<sup>2</sup>/(R<sub>2</sub> + R<sub>1</sub>) = 9/10 = 0.9W</li>\n  <li>I<sub>min</sub> = 3V/12Ω = 0.25A，<br>I<sub>max</sub> = 3V/2 Ω= 1.5A</li>\n</ol>','2025-05-21 21:56:45'),(6,'medium','滑变问题','<p>电源电压 U = 6V，滑动变阻器 R<sub>1</sub> 的阻值变化范围为 0～20Ω，电流表量程为 0～0.3A。求：</p>\n<ol>\n  <li>为了保护电路，定值电阻 R<sub>2</sub> 至少需要多大？</li>\n  <li>当 R<sub>1</sub> = 10Ω ，R<sub>2</sub>取第一问的值时，电路的总功率是多少？</li>\n  <li>若 R<sub>2</sub> = 5Ω，电路中电流的变化范围是多少？</li>\n</ol>','image/2.2.jpg','<ol>\n  <li>R<sub>total</sub>&nbsp;=U/I<sub>max</sub> = 6/0.3 = 20Ω，<br>R<sub>2</sub>&nbsp;=20 - 0 = 20Ω</li>\n  <li>P = U<sup>2</sup>/(R<sub>2</sub> + R<sub>1</sub>) = 36/30 = 1.2W</li>\n  <li>I<sub>min</sub> = 6/25 = 0.24A，I<sub>max</sub> = 6/5 = 1.2A</li>\n</ol>','2025-05-21 21:57:08'),(7,'easy','滑变问题','<p>某温度报警电路电源电压 U=12V，R<sub>0</sub>=20Ω，R<sub>p</sub> 为热敏电阻随温度T的变化如图所示（阻值随温度升高而减小），电压表量程 0~5V。</p>\n<ol>\n  <li>求 20℃ 时电路中的电流；</li>\n  <li>若电压表示数为 4V，求此时 R<sub>p</sub> 的阻值；</li>\n  <li>当电压表达到最大值时，求环境温度。</li>\n</ol>','image/2.3.1.jpg','<ol>\n  <li>I = U/(R<sub>0</sub>+R<sub>p</sub>) = 12/(20+40) = 0.2A</li>\n  <li>U<sub>R0</sub> = U - U<sub>Rp</sub>&nbsp;= 12-4=8V → I = 8/20=0.4A → R<sub>t</sub> = 4/0.4=10Ω</li>\n  <li>U<sub>R0</sub>=5V → I=5/20=0.25A → R<sub>t</sub>=(12-5)/0.25=28Ω → T=(80-28)/2=26℃</li>\n</ol>','2025-05-22 13:52:01'),(8,'easy','滑变问题','<p>已知某水深测量仪R<sub>0</sub>=30Ω，R<sub>p</sub> 阻值随水深 h 变化如图所示，U=15V，电压表量程 0~10V。</p>\n<ol>\n  <li>求 h=0m 时的电流；</li>\n  <li>电压表示数为 6V 时，求 h；</li>\n  <li>求电压表安全时的最大水深。</li>\n</ol>','image/2.3.2.jpg','<ol>\n  <li>h=0 → R<sub>p</sub>=10Ω → I=15/(30+10)=0.375A</li>\n  <li>U<sub>R0</sub>=15-6=9V → I=9/30=0.3A → R<sub>p</sub>=6/0.3=20Ω → h=(20-10)/0.5=20m</li>\n  <li>U<sub>R0</sub>≤10V → I≤10/30≈0.333A → R<sub>p</sub>≥(15-10)/0.333≈15Ω → h≥(15-10)/0.5=10m</li>\n</ol>','2025-05-22 13:55:45'),(9,'easy','滑变问题','<p>&nbsp;小明家有一个压力传感器，其原理电路如下图所示。已知R<sub>0</sub>=50Ω，R<sub>p</sub> 随压力 F 的变化如图所示，U=24V，电路中电流的变化范围为0~0.4A。</p>\n<ol>\n  <li>求 F=0N 时的电流；</li>\n  <li>电路中电流为 0.3A 时，求 F；</li>\n  <li>求电路安全时的最大压力。</li>\n</ol>','image/2.3.3.jpg','<ol>\n  <li>F=0 → R<sub>p</sub>=100Ω → I=24/(50+100)=0.16A</li>\n  <li>R<sub>总</sub>=24/0.3=80Ω → R<sub>p</sub>=80-50=30Ω → F=(100-30)/0.2=350N</li>\n  <li>I≤0.4A → R<sub>总</sub>≥24/0.4=60Ω → R<sub>p</sub>≥60-50=10Ω → F≤(100-10)/0.2=450N</li>\n</ol>','2025-05-22 13:58:24'),(10,'easy','滑变问题','<p>中科院研究了一个液位监控系统，可以检测江水水位是否在安全状态。其电路设计如下图所示。已知：R<sub>0</sub>=25Ω，R<sub>p</sub> 随液位 H 变化如图所示，U=36V，电压表量程 0~15V。</p>\n<ol>\n  <li>求 H=10cm 时的电流；</li>\n  <li>电压表示数为 12V 时，求 H；</li>\n  <li>若 R<sub>p</sub> 最小电流 0.12A，求允许的液位范围。</li>\n</ol>','image/2.3.4.jpg','<ol>\n  <li>H=10 → R<sub>p</sub>=160Ω → I=36/(25+160)≈0.195A</li>\n  <li>U<sub>R0</sub>=36-12=24V → I=24/25=0.96A → R<sub>p</sub>=12/0.96=12.5Ω → H=(200-12.5)/4=46.875cm</li>\n  <li>I≥0.12A → R<sub>总</sub>≤36/0.12=300Ω → R<sub>p</sub>≤300-25=275Ω → H≥(200-275)/4（无效，取 H≥0）<br>\n      又 R<sub>p</sub>≥0 → H≤200/4=50cm → 范围 0~50cm</li>\n</ol>','2025-05-22 14:00:40'),(11,'medium','滑变问题','  <p>小明在实验室搭建了一个电路进行研究，电路由电源（U=12V）、定值电阻（R<sub>1</sub>=4Ω）、滑动变阻器（R<sub>2</sub>，0-20Ω）、电流表和电压表组成。请回答：</p>\n  <ol>\n    <li>若电流表（0-0.6A），为了保证电流表安全，R<sub>2</sub>最小电阻是多少？</li>\n    <li>若电压表（0-3V），当电压表示数不超过量程时，滑动变阻器R<sub>2</sub>的可调范围是多少？</li><li>综合考虑电压表（0-3V）和电流表（0-0.6A）的量程，滑动变阻器R<sub>2</sub>的可调范围是多少？<br></li>\n  </ol>','image/2.5.jpg','  <ol>\n    <li>由电流表量程0.6A得：R<sub>总</sub> = U/I<sub>max</sub> = 12V/0.6A = 20Ω，<br>R<sub>2min</sub>=R<sub>总</sub>-R<sub>1</sub>=16Ω</li>\n    <li>电压表限制：R<sub>2</sub>/(4+R<sub>2</sub>)×12 ≤ 3 → R<sub>2</sub> ≤ 6Ω</li><li>无法满足同时安全</li>\n  </ol>','2025-05-22 14:19:49'),(12,'medium','滑变问题','<p>某电热器的电路如图所示，电源电压9V，发热电阻R<sub>1</sub>=10Ω，滑动变阻器R<sub>2</sub>（0-20Ω），电压表测量R<sub>1</sub>电压。请回答：</p>\n  <ol>\n    <li>电路中电流的示数范围是多少？</li>\n    <li>若电压表的量程为（0-6V），为了保证电路安全，滑动变阻器R<sub>2</sub>的可调范围是多少？</li>\n    <li>电路消耗的最小总功率是多少？</li>\n  </ol>','image/2.5.jpg','  <ol>\n    <li>电压表限制：&nbsp;I<sub>max</sub>=9/10=0.9A<br>I<sub>min</sub>=9/(10+20)=0.3A</li>\n    <li>电压表取最大值时，R2阻值限制最大：Umax=6V，I=U1/R1=3v/10Ω=0.3A；<br>R<sub>2max</sub>=6V/0.3A=20Ω<br>同时R<sub>2min</sub>=0Ω</li>\n    <li>P<sub>min</sub>=U×I<sub>min</sub>=9×0.3=2.7W</li>\n  </ol>','2025-05-22 14:27:51'),(13,'medium','滑变问题','<p>某精密仪器采用图示保护电路，电源6V，固定电阻R<sub>1</sub>=5Ω，滑动变阻器R<sub>2</sub>（0-30Ω），电流表，。请回答：</p>\n  <ol>\n    <li>若电流表（0-0.6A），为了保证仪器安全，R<sub>2</sub>的可调范围是多少？</li><li>若电压表（0-2V），为了保证一起安全，R<sub>2</sub>的可调范围是多少？</li><li>综合电压表（0-2V）、电流表（0-0.6A），为了保证仪器安全，R<sub>2</sub>的可调范围是多少？<br></li>\n  </ol>','image/2.5.jpg','  <ol>\n    <li>电流表限制：R<sub>2</sub>≥(6/0.6)-5=5Ω</li><li>电压表限制：R<sub>2</sub>/(5+R<sub>2</sub>)×6≤2 → R<sub>2</sub>≤2.5Ω</li><li>取5Ω≤R<sub>2</sub>≤10Ω</li>\n  </ol>','2025-05-22 14:38:25'),(14,'medium','滑变问题',' <p>某工业控制板电路如图所示，电源15V，固定电阻R<sub>1</sub>=10Ω，滑动变阻器R<sub>2</sub>（0-100Ω）。请回答：</p>\n  <ol>\n    <li>若电压表（0-10V），为保证电压表安全，R<sub>2</sub>的安全调节范围是多少？</li>\n    <li>若滑动变阻器允许通过的最大电流为1A，为保证滑动变阻器安全，R<sub>2</sub>的调节范围是多少？</li>\n    <li>综合上两问的条件，已知电压表（0-10V）和滑动变阻器的最大电流1A限制，R<sub>2</sub>的安全调节范围是多少？</li>\n  </ol>','image/2.5.jpg','  <ol>\n    <li>电压表最大值限制R<sub>2</sub>最大值：R<sub>2</sub>/(10+R<sub>2</sub>)×15≤10 → R<sub>2max</sub>=20Ω（0-20Ω）</li>\n    <li>当I=1A时，限制R<sub>2</sub>的最小值：R<sub>2min</sub>=5Ω（5-100Ω）</li>\n    <li>（5Ω-20Ω）</li>\n  </ol>','2025-05-22 14:42:37'),(15,'easy','滑变问题','  <p>小华用电池（U=6V）、电阻（R<sub>1</sub>=2Ω）和滑动变阻器（R<sub>2</sub>，0-10Ω）搭建了一个串联电路。请回答：</p>\n  <ol>\n    <li>当滑动变阻器调到5Ω时，电路中的电流是多少？</li>\n    <li>要使电路中的电流不超过0.5A，滑动变阻器的最小阻值是多少？</li>\n    <li>当R<sub>2</sub>调到多少欧姆时，电路总功率最大？</li>\n  </ol>','image/2.5.jpg','  <ol>\n    <li>I=U/(R<sub>1</sub>+R<sub>2</sub>)=6/(2+5)≈0.86A</li>\n    <li>R<sub>总</sub>≥6/0.5=12Ω → R<sub>2</sub>≥12-2=10Ω</li>\n    <li>当R<sub>2</sub>=0Ω时，P<sub>max</sub>=U<sup>2</sup>/R<sub>1</sub>=36/2=18W</li>\n  </ol>','2025-05-22 14:51:44'),(16,'easy','滑变问题','  <p>如图所示电路，电源9V，固定电阻R<sub>1</sub>=3Ω，滑动变阻器R<sub>2</sub>（0-15Ω），电流表量程0-1A。请回答：</p>\n  <ol>\n    <li>当R<sub>2</sub>=6Ω时，电流表示数是多少？</li>\n    <li>要保证电流表安全，R<sub>2</sub>的最小阻值是多少？</li>\n    <li>当R<sub>2</sub>调到多少欧姆时，R<sub>1</sub>消耗的功率最大？</li>\n  </ol>','image/2.5.jpg','  <ol>\n    <li>I=9/(3+6)=1A</li>\n    <li>R<sub>总</sub>≥9/1=9Ω → R<sub>2</sub>≥9-3=6Ω</li>\n    <li>当R<sub>2</sub>=0Ω时，P<sub>1max</sub>=I<sup>2</sup>R<sub>1</sub>=(9/3)<sup>2</sup>×3=27W</li>\n  </ol>','2025-05-22 14:53:05'),(17,'easy','滑变问题','  <p>小明用4.5V的电池组连接了一个小风扇（电阻R<sub>1</sub>=9Ω）和滑动变阻器（R<sub>2</sub>，0-18Ω）。请回答：</p>\n  <ol>\n    <li>当滑动变阻器调到9Ω时，电路中的电流是多少？</li>\n    <li>要使风扇两端的电压不低于3V，滑动变阻器的最大阻值是多少？</li>\n    <li>当R<sub>2</sub>=0Ω时，风扇消耗的功率是多少？</li>\n  </ol>','image/2.5.jpg','  <ol>\n    <li>I=4.5/(9+9)=0.25A</li>\n    <li>U<sub>1</sub>≥3V → R<sub>2</sub>≤(4.5-3)/(3/9)=4.5Ω</li>\n    <li>P=4.5<sup>2</sup>/9=2.25W</li>\n  </ol>','2025-05-22 14:55:30'),(18,'easy','额定用电器问题','<p>某科技小组设计的多功能照明电路如图所示，灯泡L标有\"6V 3W\"规格，R<sub>0</sub>=10Ω为保护电阻，滑动变阻器R(0-50Ω)用于亮度调节。已知：当S<sub>1</sub>闭合、S<sub>2</sub>接下端时，灯泡正常发光。（忽略温度对灯泡电阻的影响。）</p>\n<ol>\n  <li>求电源电压？</li>\n  <li>S<sub>2</sub>接上端，R的滑片在中点位置时，求电路总功率？（保留小数点后一位）</li>\n  <li>S<sub>2</sub>接上端，电路中的最小电流和最大电流分别为多少？（保留小数点后一位）</li>\n</ol>','image/3.2.1.jpg','<ol>\n  <li>11V</li>\n  <li>3.3W</li>\n  <li>0.2A-0.5A</li>\n</ol>','2025-05-22 15:24:06'),(19,'easy','额定用电器问题','<p>小明的书桌上有一盏可调光台灯，内部电路如图，电源电压U=6V，灯泡L标有“3V 0.6W”，滑动变阻器R标有“20Ω 1A”。当台灯调到小灯泡正常发光时：（忽略灯泡电阻随温度变化）</p>\n<ol>\n  <li>滑动变阻器接入电路的阻值是多少？</li>\n  <li>此时电路的总功率是多少？</li>\n  <li>若将调光旋钮向右旋转（滑片右移），灯泡亮度如何变化？为什么？（提示：灯泡亮度与灯泡的什么物理量有关？）</li>\n</ol>','image/2.1.jpg','<ol>\n  <li>灯泡电流 I=P/U=0.6W/3V=0.2A，滑动变阻器电压 Ur=6V-3V=3V，阻值 R=3V/0.2A=15Ω。</li>\n  <li>总功率 P<sub>总</sub>=U<sub>总</sub>×I=6V×0.2A=1.2W。</li>\n  <li>滑片右移→R增大→总电流减小→灯泡实际功率减小（P=I<sup>2</sup>R<sub>L</sub>），亮度变暗。</li>\n</ol>\n','2025-05-22 21:47:57'),(20,'easy','额定用电器问题','<p>小红的电动玩具小车使用4.5V电池供电，车头灯标有“2.5V 0.5W”，电路串联了最大阻值50Ω的调速电阻。当车灯正常发光时：</p>\n<ol>\n  <li>电路中的电流是多少？</li>\n  <li>调速电阻应调节到多少欧姆？</li>\n</ol>','image/2.1.jpg','<ol>\n  <li>灯泡额定电流 I=P/U=0.5W/2.5V=0.2A。</li>\n  <li>滑动变阻器电压 Ur=4.5V-2.5V=2V，阻值 R=2V/0.2A=10Ω。</li>\n</ol>','2025-05-22 21:51:42'),(21,'easy','额定用电器问题','<p>物理实验室中，小丽用3V电源、标有“1.5V 0.3W”的小灯泡和最大10Ω滑动变阻器搭建电路。当她调节灯泡正常发光时：</p>\n<ol>\n  <li>滑动变阻器需要调到多少欧姆？</li>\n  <li>此时电流表显示的最小可能读数是多少？（保留小数点后3位）</li>\n</ol>','image/2.1.jpg','<ol>\n  <li>灯泡电流 I=0.3W/1.5V=0.2A，滑动变阻器阻值 R=(3V-1.5V)/0.2A=7.5Ω。</li>\n  <li>最小电流 I<sub>min</sub>=3V/(7.5Ω+10Ω)≈0.176A。</li>\n</ol>','2025-05-22 21:53:43'),(22,'easy','额定用电器问题','<p>一款USB供电（5V）的小夜灯标有“2V 0.4W”，内部用最大15Ω滑动变阻器调节亮度。当夜灯正常发光时：</p>\n<ol>\n  <li>滑动变阻器的有效阻值是多少？</li>\n  <li>此时USB接口输出的总功率是多少？</li>\n</ol>','image/2.1.jpg','<ol>\n  <li>滑动变阻器阻值 R=(5V-2V)/(0.4W/2V)=15Ω。</li>\n  <li>总功率 P<sub>总</sub>=5V×(0.4W/2V)=1W。</li>\n</ol>','2025-05-22 21:55:48'),(23,'easy','额定用电器问题','<p>小华用6V电池、额定“3V 0.9W”的LED灯和滑动变阻器（0-10Ω）制作手电筒。当LED正常发光时：</p>\n<ol>\n  <li>流过电路的电流是多少？</li>\n  <li>滑动变阻器需要调节到多少欧姆？</li>\n</ol>','image/2.1.jpg','<ol>\n  <li>电流 I=0.9W/3V=0.3A。</li>\n  <li>滑动变阻器阻值 R=(6V-3V)/0.3A=10Ω。</li>\n</ol>','2025-05-22 21:58:03'),(24,'medium','额定用电器问题','<p>小刚用一块9V电池改装生日彩灯串，灯泡规格为“6V 3W”，并串联了滑动变阻器（0-30Ω）保护电路。求：</p>\n<ol>\n  <li>灯泡正常发光时，整个电路的耗电功率；</li>\n  <li>电路的最小功率；（保留小数点后两位）</li>\n  <li>若滑动变阻器调至10Ω，灯泡的实际亮度会超过额定亮度吗？</li>\n</ol>','image/2.1.jpg','<ol>\n  <li>灯泡电流 I=3W/6V=0.5A，总功率 P<sub>总</sub>=9V×0.5A=4.5W。</li>\n  <li>灯泡电阻 R<sub>L</sub>=U<sup>2</sup>/P=6<sup>2</sup>/3=12Ω，当R<sub>滑</sub>=30Ω时，P<sub>min</sub>=9V×[9V/(12Ω+30Ω)]≈1.93W。</li>\n  <li>实际电流 I=9V/(12Ω+10Ω)≈0.409A＞0.5A，会超过额定亮度。</li>\n</ol>','2025-05-22 22:00:11'),(25,'medium','额定用电器问题','<p>某车载音响的电源电压为12V，其指示灯规格为“8V 4W”，并配有最大40Ω的滑动变阻器用于调节亮度。请回答：</p>\n<ol>\n  <li>为了保护灯泡，允许通过的最大电流是多少？</li>\n  <li>当指示灯正常发光时，滑动变阻器消耗的功率；</li>\n  <li>若将滑动变阻器调至20Ω，指示灯会烧坏吗？</li>\n</ol>','image/2.1.jpg','<ol>\n  <li>最大电流=灯泡额定电流 I=4W/8V=0.5A。</li>\n  <li>滑动变阻器功率 P=(12V-8V)×0.5A=2W。</li>\n  <li>实际电压 U<sub>L</sub>=12V×[16Ω/(16Ω+20Ω)]≈5.33V＜8V，不会烧坏。</li>\n</ol>','2025-05-22 22:02:39'),(26,'medium','额定用电器问题','<p>一个8V供电的鱼缸照明灯标有“4V 1W”，通过最大20Ω滑动变阻器调节明暗。回答：</p>\n<ol>\n  <li>当灯光亮度正常时，滑动变阻器的阻值；</li>\n  <li>若将滑动变阻器调至12Ω，灯泡的实际功率是多少？此时鱼缸会显得更亮还是更暗？（提示：灯泡的亮度与灯泡的什么物理量有关？）</li>\n</ol>','image/2.1.jpg','<ol>\n  <li>滑动变阻器阻值 R=(8V-4V)/(1W/4V)=16Ω。</li>\n  <li>照明灯的电阻：R=U<sup>2</sup>/P=16Ω<br>实际功率 P=I<sup>2</sup>R=(8V/(16Ω+12Ω))<sup>2</sup>×16Ω≈1.31W＞1W，更亮。</li>\n</ol>','2025-05-22 22:06:03'),(27,'easy','额定用电器问题1','<p>小明想用两种不同规格的小灯泡（L<sub>1</sub>标有\"4V 1W\"，L<sub>2</sub>标有\"6V 3W\"）串联起来装饰生日蛋糕，但他担心电源电压不合适会烧坏灯泡。</p>\n  <ol>\n    <li>计算两盏灯的电阻R<sub>1</sub>和R<sub>2</sub>；</li>\n    <li>电路允许通过的最大电流是多少？</li>\n    <li>电源电压最大不能超过多少伏特？</li>\n  </ol>','image/3.1.jpg','<ol>\n  <li>R<sub>1</sub> = U<sub>1</sub><sup>2</sup>/P<sub>1</sub> = 4<sup>2</sup>/1 = 16Ω；<br>R<sub>2</sub> = U<sub>2</sub><sup>2</sup>/P<sub>2</sub> = 6<sup>2</sup>/3 = 12Ω；</li>\n  <li>I<sub>1</sub> = P<sub>1</sub>/U<sub>1</sub> = 1/4 = 0.25A；<br>I<sub>2</sub> = P<sub>2</sub>/U<sub>2</sub> = 3/6 = 0.5A；<br>最大电流为0.25A；</li>\n  <li>U<sub>max</sub> = I<sub>max</sub> × (R<sub>1</sub> + R<sub>2</sub>) = 0.25× (16 + 12) = 7V。</li>\n</ol>','2025-05-22 22:38:13'),(28,'medium','额定用电器问题1','  <p>小华用\"4V 2W\"的灯L<sub>1</sub>和\"8V 4W\"的灯L<sub>2</sub>串联制作露营灯，但发现两盏灯亮度不同。</p>\n  <ol>\n    <li>两灯的电阻分别是多少？</li><li>实际功率比P<sub>1</sub>:P<sub>2</sub>是多少？</li>\n    <li>如果电源是一块6V的电池，两灯的实际功率分别是多少？</li>\n    <li>哪盏灯会更亮？为什么？</li>\n  </ol>','image/3.1.jpg','  <ol>\n    <li>R<sub>1</sub> = 4<sup>2</sup>/2 = 8Ω；R<sub>2</sub> = 8<sup>2</sup>/4 = 16Ω；</li><li>P<sub>1</sub>:P<sub>2</sub> = I<sup>2</sup>R<sub>1</sub>:I<sup>2</sup>R<sub>2</sub> = R<sub>1</sub>:R<sub>2</sub> = 1:2</li>\n    <li>I = 6/(8+16) = 0.25A；<br>P<sub>1</sub> = 0.25<sup>2</sup> × 8 = 0.5W；<br>P<sub>2</sub> = 0.25<sup>2</sup> × 16 = 1W</li>\n    <li>L<sub>2</sub>更亮（实际功率更大）</li>\n  </ol>','2025-05-22 22:51:03'),(29,'medium','额定用电器问题1',' <p>小华用\"4V 2W\"的灯L<sub>1</sub>和\"8V 4W\"的灯L<sub>2</sub>串联制作露营灯，但发现两盏灯亮度不同。</p>\n  <ol>\n    <li>两灯的实际功率比P<sub>1</sub>:P<sub>2</sub>是多少？</li>\n    <li>如果电源是一块6V的电池，两灯的实际功率分别是多少？</li>\n    <li>哪盏灯会更亮？为什么？</li>\n  </ol>','image/3.1.jpg','  <ol>\n    <li>R<sub>1</sub> = 4<sup>2</sup>/2 = 8Ω；<br>R<sub>2</sub> = 8<sup>2</sup>/4 = 16Ω；<br>P<sub>1</sub>:P<sub>2</sub> = I<sup>2</sup>R<sub>1</sub>:I<sup>2</sup>R<sub>2</sub> = R<sub>1</sub>:R<sub>2</sub> = 1:2</li>\n    <li>I = 6/(8+16) = 0.25A；<br>P<sub>1</sub> = 0.25<sup>2</sup> × 8 = 0.5W；<br>P<sub>2</sub> = 0.25<sup>2</sup> × 16 = 1W</li>\n    <li>L<sub>2</sub>更亮（实际功率更大）</li>\n  </ol>','2025-05-22 22:54:49'),(30,'easy','额定用电器问题1','  <p>小丽在科学展览上展示串联电路，她选了\"6V 3W\"的灯L<sub>1</sub>和\"3V 6W\"的灯L<sub>2</sub>进行串联。</p>\n  <ol>\n    <li>两盏灯的额定电流分别是多少？</li>\n    <li>串联后电路的实际电流是多少？</li>\n    <li>电源电压最大可以调到多少伏特而不烧坏灯泡？</li>\n  </ol>','image/3.1.jpg','  <ol>\n    <li>I<sub>1</sub> = 3/6 = 0.5A；I<sub>2</sub> = 6/3 = 2A</li>\n    <li>实际电流为0.5A（串联电流相等）</li>\n    <li>R<sub>1</sub> = 6<sup>2</sup>/3 = 12Ω；R<sub>2</sub> = 3<sup>2</sup>/6 = 1.5Ω；<br>U<sub>max</sub> = 0.5 × (12 + 1.5) = 6.75V</li>\n  </ol>','2025-05-22 23:01:02'),(31,'easy','额定用电器问题1','  <p>小刚用\"5V 2.5W\"的灯L<sub>1</sub>和\"10V 5W\"的灯L<sub>2</sub>串联制作台灯，但电源只有7.5V。</p>\n  <ol>\n    <li>计算两盏灯的电阻；</li>\n    <li>电路的实际电流是多少？</li>\n    <li>此时两灯的实际功率分别是多少？</li>\n  </ol>','image/3.1.jpg','  <p><strong>4. 答案：</strong></p>\n  <ol>\n    <li>R<sub>1</sub> = 5<sup>2</sup>/2.5 = 10Ω；<br>R<sub>2</sub> = 10<sup>2</sup>/5 = 20Ω</li>\n    <li>I = 7.5/(10+20) = 0.25A</li>\n    <li>P<sub>1</sub> = 0.25<sup>2</sup> × 10 = 0.625W；<br>P<sub>2</sub> = 0.25<sup>2</sup> × 20 = 1.25W</li>\n  </ol>','2025-05-22 23:03:59'),(32,'easy','额定用电器问题1','  <p>妈妈用\"9V 4.5W\"的灯L<sub>1</sub>和\"6V 2W\"的灯L<sub>2</sub>串联布置节日彩灯，但担心电流过大会烧坏灯泡。</p>\n  <ol>\n    <li>两盏灯的额定电流分别是多少？（保留小数点后两位）</li>\n    <li>电路允许通过的最大电流是多少？</li>\n    <li>电源电压最多不能超过多少伏特？</li>\n  </ol>','image/3.1.jpg','  <ol>\n    <li>I<sub>1</sub> = 4.5/9 = 0.5A；I<sub>2</sub> = 2/6 ≈ 0.333A</li>\n    <li>最大电流为0.333A（取较小值）</li>\n    <li>R<sub>1</sub> = 9<sup>2</sup>/4.5 = 18Ω；R<sub>2</sub> = 6<sup>2</sup>/2 = 18Ω；<br>U<sub>max</sub> = 0.333 × (18 + 18) ≈ 12V</li>\n  </ol>','2025-05-22 23:05:17'),(33,'easy','额定用电器问题1','  <p>小强用\"12V 6W\"的灯L<sub>1</sub>和\"6V 3W\"的灯L<sub>2</sub>串联改装玩具车车灯，实际电流只有0.2A。</p>\n  <ol>\n    <li>计算两盏灯的电阻；</li>\n    <li>此时电源电压是多少？</li>\n    <li>两灯的实际功率分别是多少？</li>\n  </ol>','image/3.1.jpg','<ol>\n    <li>R<sub>1</sub> = 12<sup>2</sup>/6 = 24Ω；R<sub>2</sub> = 6<sup>2</sup>/3 = 12Ω</li>\n    <li>U = 0.2 × (24 + 12) = 7.2V</li>\n    <li>P<sub>1</sub> = 0.2<sup>2</sup> × 24 = 0.96W；P<sub>2</sub> = 0.2<sup>2</sup> × 12 = 0.48W</li>\n  </ol>','2025-05-22 23:07:16'),(34,'medium','额定用电器问题1','  <p>物理实验课上，老师让小红用\"2V 2W\"的灯L<sub>1</sub>和\"9V 3W\"的灯L<sub>2</sub>串联，观察亮度差异。</p>\n  <ol>\n    <li>两盏灯的额定电流分别是多少？（保留小数点后两位）</li>\n    <li>串联后，仅有一个灯泡正常工作，求电路的实际电流是多少？</li>\n    <li>哪盏灯会更亮？为什么？</li>\n  </ol>','image/3.1.jpg','  <ol>\n    <li>I<sub>1</sub> = 2/2 =1A；<br>I<sub>2</sub> = 3/9 ≈ 0.33A</li>\n    <li>实际电流为0.33A</li>\n    <li>R<sub>1</sub>=U<sub>1</sub><sup>2</sup>/P=2Ω；<br>R<sub>2</sub>=U<sub>2</sub><sup>2</sup>/P=27Ω；<br>P<sub>1</sub>=I<sup>2</sup>R<sub>1</sub>=0.33A×2Ω=0.66W；<br>P<sub>2</sub>=I<sup>2</sup>R<sub>2</sub>=0.33A×27Ω=8.91W；<br>L<sub>2</sub>更亮，因为实际功率更大</li>\n  </ol>','2025-05-22 23:08:45'),(35,'easy','额定用电器问题1','  <p>小军用\"3V 1W\"的灯L<sub>1</sub>和\"6V 2W\"的灯L<sub>2</sub>串联制作手电筒，但电池只有4.5V。</p>\n  <ol>\n    <li>分别计算两盏灯的电阻；</li>\n    <li>电路的实际电流是多少？（保留小数点后1位）</li>\n    <li>此时两灯的实际电压分别是多少？</li>\n  </ol>','image/3.1.jpg','  <ol>\n    <li>R<sub>1</sub> = 3<sup>2</sup>/1 = 9Ω；<br>R<sub>2</sub> = 6<sup>2</sup>/2 = 18Ω</li>\n    <li>I = 4.5/(9+18) ≈ 0.2A</li>\n    <li>U<sub>1</sub> = 0.2 × 9 ≈ 1.8V；<br>U<sub>2</sub> = 0.2 × 18 ≈ 3.6V</li>\n  </ol>','2025-05-22 23:14:21'),(36,'medium','电学实验','<p>在“伏安法测电阻”的实验中，第一实验小组连接了如图甲所示的电路：</p>\n\n<ol>\n    <li>开关闭合前需要将滑动变阻器的滑片调至最______（填“左”或“右”）端。在本实验中滑动变阻器除保护电路外，其主要作用是______（填“调节电源电压”或“调节 R<sub>x</sub> 两端电压”）。</li>\n    <li>闭合开关后，该实验小组同学发现，无论怎样调节滑动变阻器的滑片，电流表的指针几乎不动，电压表指针明显偏转，则电路中存在的故障可能是______（填“R<sub>x</sub> 短路”“R<sub>x</sub> 断路”或“滑动变阻器断路”）。</li>\n    <li>排除故障后，闭合开关，移动滑动变阻器滑片，电压表的示数为2.4V时，电流表的示数如图乙所示为______A，计算出 R<sub>x</sub> 的阻值为______Ω。调节滑动变阻器的滑片，测出多组数据，算出电阻的平均值。</li>\n    <li>第二实验小组用小灯泡代替定值电阻进行实验，把多次测得的电阻值的平均值作为小灯泡灯丝的电阻，你认为他们这样处理实验数据恰当吗？______，理由是______。</li>\n    <li>利用第一实验小组的实验器材，还可以完成下列实验______（填“A”或“B”）。</li>\n</ol>\n\n<ol>\n    <li>A. 探究通过导体的电流与导体两端电压的关系</li>\n    <li>B. 探究通过导体的电流与导体电阻的关系</li>\n</ol>','image/4.1.jpg','<ol>\n    <li>右；调节 R<sub>x</sub> 两端电压。</li>\n    <li>R<sub>x</sub> 断路。</li>\n    <li>0.24A；R<sub>x</sub> =2.4V/0.24A=10Ω。</li>\n    <li>不恰当，理由是小灯泡的电阻随温度变化而变化，取平均值没有物理意义。</li>\n    <li>A。</li>\n</ol>','2025-05-22 23:19:49'),(37,'easy','电学实验','<p>在“伏安法测电阻”的实验中，第一实验小组连接了如图甲所示的电路：</p>\n\n<ol>\n    <li>在连接电路时，电压表应与待测电阻______联，电流表应与待测电阻______联，滑动变阻器与待测电阻_______联。</li>\n    <li>若实验中发现电流表指针偏转过大，可能的原因是滑动变阻器接入电路的阻值太______（填\"大\"或\"小\"）。</li>\n    <li>某次测量中，电压表示数为3.0V，电流表示数为0.15A，则待测电阻的阻值为______Ω。</li>\n    <li>在实验过程中，滑动变阻器除了保护电路外，还可以起到______的作用。</li>\n</ol>','image/4.1.jpg','<ol>\n    <li>并联；串联；串联。</li>\n    <li>小。</li>\n    <li>20Ω。</li>\n    <li>改变电路中电流的作用，（或者改变Rx两端的电压的作用）。</li>\n</ol>','2025-05-22 23:28:49'),(39,'easy','电学实验','<p>在“伏安法测电阻”的实验中，第一实验小组连接了如图甲所示的电路：</p>\n<ol>\n    <li>利用伏安法测电阻的实验器材，还可以探究电流与______的关系。</li>\n    <li>在测量定值电阻时，多次测量取平均值的目的是______。</li>\n    <li>若电源电压为6V，待测电阻约为10Ω，则电流表应选用______量程（填\"0～0.6A\"或\"0～3A\"）。</li>\n    <li>实验中连接电路时，开关应处于______状态，滑动变阻器滑片应置于______端（“最左”、“最右”）。</li>\n</ol>','image/4.1.jpg','<ol>\n    <li>电压。</li>\n    <li>减小误差。</li>\n    <li>0～0.6A。</li>\n    <li>断开，最右。</li>\n</ol>','2025-05-22 23:38:08'),(40,'medium','电学实验','<p>&nbsp;小雅和同学进行\"探究串联电路电压规律\"的实验。所用器材有：电压恒为3V的电源，一个开关，两只灯泡（L<sub>1</sub>和L<sub>2</sub>），两只相同电压表V<sub>1</sub>和V<sub>2</sub>（量程均为0~3V和0~15V），导线若干。</p>\n\n<ol>\n    <li>他们按图甲所示的电路图连接电路，用一只电压表分别测AB、BC、AC间的电压。每次拆接电压表时，开关应处于______状态；</li>\n    <li>为测量L<sub>1</sub>两端电压，请在图乙中用笔画线代替导线将实物图连接完整；______</li>\n    <li>具有创新精神的小雅决定改进实验。她按照图丙所示电路图连接好电路，闭合开关，发现电压表V<sub>1</sub>和V<sub>2</sub>的指针偏转角度相同，则可能的原因是电压表______（选填\"V<sub>1</sub>\"或\"V<sub>2</sub>\"）的量程选大了，此时电压表V<sub>1</sub>和V<sub>2</sub>的量程分别为______V和______V；</li>\n    <li>解决问题后，小雅同学测出了AB间和AC间的电压，为了测量BC间的电压，断开开关，接下来可以______；\n        <ol>\n            <li>A. 保持B接线不动，将电压表V<sub>1</sub>连线由A改接到C</li>\n            <li>B. 保持C接线不动，将电压表V<sub>2</sub>连线由A改接到B</li>\n        </ol>\n    </li>\n    <li>为了得到更普遍的规律，下列操作最合理的是______；\n        <ol>\n            <li>A. 将灯泡L<sub>1</sub>和L<sub>2</sub>互换位置进行多次测量</li>\n            <li>B. 换用不同规格的灯泡进行多次测量</li>\n        </ol>\n    </li>\n    <li>分析AB、BC、AC间的电压关系，得出结论：__________________________</li>\n</ol>','image/4.2.jpg','<ol><li>断开；</li>\n    <li>连接L<sub>1</sub>两端；</li>\n    <li>V<sub>2</sub>；0-0.6V、0-3V；</li>\n    <li>B；<ol>\n        </ol>\n    </li>\n    <li>B；<ol>\n        </ol>\n    </li>\n    <li>在串联电路中，各部分电路电压之和等于总电压。</li>\n</ol>','2025-05-22 23:53:45'),(41,'medium','电学实验','<p>20. 小雅和同学进行\"探究电流与电阻的关系\"实验，所用实验器材有：学生电源（电压恒为6V），阻值为5Ω、10Ω、15Ω、20Ω、25Ω定值电阻各一只，滑动变阻器 R（\"50Ω 1A\"），电流表（量程选0～0.6A），电压表（量程选0～3V），开关，导线若干。</p>\n\n<ol>\n    <li>他们按图18甲所示的电路图连接电路，请在图18乙中用笔画线代替导线将电路连接完整（要求：向左移动滑动变阻器的滑片P，电流表示数变小）；</li>\n    <li>他们先选用5Ω的定值电阻连接电路，在此过程中开关应处于<b>__________</b>状态；电路连接完好后，闭合开关前滑动变阻器的滑片P应移到<b>__________</b>端(填写：C或者D)；</li>\n    <li>闭合开关，发现电流表示数几乎为零，电压表示数接近电源电压，则实验电路故障可能是<b>_____</b>；\n        <ol>\n            <li>A. 电流表断路</li>\n            <li>B. 电压表断路</li>\n            <li>C. 定值电阻断路</li>\n            <li>D. 滑动变阻器断路</li>\n        </ol>\n    </li>\n    <li>排除故障后，闭合开关，移动滑动变阻器的滑片P，使电压表的示数如图18丙所示，记为 U<sub>0</sub> = <b>_________</b>V，并记录此时电流表的示数 I<sub>0</sub>；</li>\n    <li>断开开关，将滑动变阻器的滑片P移到阻值最大的位置，用10Ω的电阻替换5Ω的电阻后，闭合开关，接下来的操作正确的是<b>___________</b>；\n        <ol>\n            <li>A. 移动滑片P至任意位置，记录电压表和电流表的示数</li>\n            <li>B. 移动滑片P，使电压表的示数为 U<sub>0</sub>，记录此时电流表的示数</li>\n            <li>C. 移动滑片P，使电流表的示数为 I<sub>0</sub>，记录此时电压表的示数</li>\n        </ol>\n    </li>\n    <li>依次更换15Ω、20Ω、25Ω的定值电阻，重复上述操作，得到5组I、R数据，绘出如图18丁所示的图象，可得出的实验结论是<strong>_______________________</strong>。</li>\n    <li>实验后，小雅和同学反思交流发现，在不改变电流表、电压表量程的前提下，用5个定值电阻都能完成实验，应控制定值电阻两端电压的范围为<b>___________________</b>。</li>\n</ol>','image/4.3.jpg','<ol><li><sub>（连接滑动变阻器左下接线柱）</sub></li>\n    <li>断开；D<sub>（看学生的连接情况）</sub>；</li>\n    <li>C；<ol>\n        </ol>\n    </li>\n    <li>2.5；</li>\n    <li>B；<ol>\n        </ol>\n    </li>\n    <li>电压一定时，电流与电阻成反比。</li>\n    <li>2.5～3V。</li>\n</ol>','2025-05-23 00:00:40'),(42,'easy','挡位问题','<p>某品牌电热养生壶有低温、中温、高温三个挡位，可以满足人们对精细烹饪和营养量化等功能的需求。其简化电路图如图所示，铭牌如表所示，R<sub>1</sub>、R<sub>2</sub>为阻值不变的电热丝。当S<sub>1</sub>闭合，S<sub>2</sub>断开，S<sub>3</sub>接A时，养生壶处于低温挡工作状态；当S<sub>1</sub>、S<sub>2</sub>闭合，S<sub>3</sub>接A时，养生壶处于中温挡工作状态。在额定电压下求：</p>\n\n<table>\n  <tbody><tr>\n    <td>项目</td>\n    <td>参数</td>\n  </tr>\n  <tr>\n    <td>额定电压(V)</td>\n    <td>220</td>\n  </tr>\n  <tr>\n    <td>低温挡功率(W)</td>\n    <td>220</td>\n  </tr>\n  <tr>\n    <td>中温挡功率(W)</td>\n    <td>440</td>\n  </tr>\n  <tr>\n    <td>高温挡功率(W)</td>\n    <td>880</td>\n  </tr>\n  <tr>\n    <td>容积(L)</td>\n    <td>2.5</td>\n  </tr>\n</tbody></table>\n<ol>\n  <li>低温挡工作时，电路中的电流是多少？</li>\n  <li>计算电热丝R<sub>1、</sub>R<sub>2</sub>的阻值。</li>\n  <li>若养生壶在低温挡工作5min，消耗多少电能？</li>\n</ol>','image/1.1.1.jpg','<ol>\n<li>根据公式P=UI，低温挡功率为220W，额定电压为220V，所以电流为I=P/U=220/220=1A。</li>\n<li>中温挡时，只有R<sub>2</sub>工作，根据公式R=U<sup>2</sup>/P，R<sub>2</sub>=220<sup>2</sup>/440=110Ω。<br>低温挡时，R<sub>1</sub>和R<sub>2</sub>串联，总功率为220W，总电阻为220<sup>2</sup>/220=220Ω。<br>根据串联电路总电阻公式R=R<sub>1</sub>+R<sub>2</sub>，代入R<sub>2</sub>=110Ω和R=220Ω，解得R<sub>1</sub>=220Ω。</li>\n<li>电能W=P×t，低温挡功率为220W，时间为5min=300s，所以W=220×300=66000J。</li>\n</ol>','2025-05-24 11:08:08'),(43,'easy','挡位问题','<p>某品牌电热养生壶有低温、中温、高温三个挡位，可以满足人们对精细烹饪和营养量化等功能的需求。其简化电路图如图所示，铭牌如表所示，R<sub>1</sub>、R<sub>2</sub>为阻值不变的电热丝。当S<sub>1</sub>闭合，S<sub>2</sub>断开，S<sub>3</sub>接A时，养生壶处于低温挡工作状态；当S<sub>1</sub>、S<sub>2</sub>闭合，S<sub>3</sub>接A时，养生壶处于中温挡工作状态。在额定电压下求：</p>\n\n<table>\n  <tbody><tr>\n    <td>项目</td>\n    <td>参数</td>\n  </tr>\n  <tr>\n    <td>额定电压(V)</td>\n    <td>220</td>\n  </tr>\n  <tr>\n    <td>低温挡功率(W)</td>\n    <td>220</td>\n  </tr>\n  <tr>\n    <td>中温挡功率(W)</td>\n    <td>440</td>\n  </tr>\n  <tr>\n    <td>高温挡功率(W)</td>\n    <td>880</td>\n  </tr>\n  <tr>\n    <td>容积(L)</td>\n    <td>2.5</td>\n  </tr>\n</tbody></table>\n<ol>\n  <li>中温挡工作时，电路的总电阻是多少？</li>\n  <li>计算电热丝R<sub>1</sub>的阻值。</li>\n  <li>若养生壶在中温挡工作10min，消耗多少电能？</li>\n</ol>','image/1.1.1.jpg','<ol>\n<li>中温挡工作时，电路的总电阻R<sub>总</sub> = U<sup>2</sup>/P = 220<sup>2</sup>/440 = 110 Ω。</li>\n<li>中温档时，只有R<sub>2</sub>在工作，R<sub>2</sub>=110Ω；<br>低温档时，R<sub>1</sub>和R<sub>2</sub>串联，R<sub>总</sub>&nbsp;= U<sup>2</sup>/P<sub>低温</sub>&nbsp;= 220<sup>2</sup>/220 = 220 Ω；<br>串联电路R<sub>总</sub>=R<sub>1</sub>+R<sub>2</sub>,电热丝R<sub>1</sub>的阻值R<sub>1</sub> = 110 Ω。</li>\n<li>中温挡工作10min消耗的电能W = P × t = 440 × 10 × 60 = 264000 J。</li>\n</ol>','2025-05-24 11:08:23'),(44,'easy','挡位问题','<p>某品牌电热养生壶有低温、中温、高温三个挡位，可以满足人们对精细烹饪和营养量化等功能的需求。其简化电路图如图所示，铭牌如表所示，R<sub>1</sub>、R<sub>2</sub>为阻值不变的电热丝。当S<sub>1</sub>闭合，S<sub>2</sub>断开，S<sub>3</sub>接A时，养生壶处于低温挡工作状态；当S<sub>1</sub>、S<sub>2</sub>闭合，S<sub>3</sub>接A时，养生壶处于中温挡工作状态。在额定电压下求：</p>\n\n<table>\n  <tbody><tr>\n    <td>项目</td>\n    <td>参数</td>\n  </tr>\n  <tr>\n    <td>额定电压(V)</td>\n    <td>220</td>\n  </tr>\n  <tr>\n    <td>低温挡功率(W)</td>\n    <td>220</td>\n  </tr>\n  <tr>\n    <td>中温挡功率(W)</td>\n    <td>440</td>\n  </tr>\n  <tr>\n    <td>高温挡功率(W)</td>\n    <td>880</td>\n  </tr>\n  <tr>\n    <td>容积(L)</td>\n    <td>2.5</td>\n  </tr>\n</tbody></table>\n<ol>\n  <li>高温挡工作时，电路的总电阻是多少？</li>\n  <li>高温挡工作时，电路的总电流是多少？</li>\n  <li>若养生壶在高温挡工作3min，可使多少千克的水从20℃升至50℃？（不计热量损失）</li>\n</ol>','image/1.1.1.jpg','<ol>\n<li>高温挡工作时，电路的总电阻R<sub>总</sub> = U<sup>2</sup>/P = 220<sup>2</sup>/880 = 55Ω。</li>\n<li>高温挡工作时，电路的总电流I = P/U = 880W/220V = 4A。</li>\n<li>消耗的电能W = P × t = 880W × 180s = 158400J，<br>水的比热容c = 4200J/(kg·℃)，温度变化ΔT = 30℃，由Q = cmΔT，解得水的质量m = Q/(cΔT) = 158400/(4200 × 30) ≈ 1.257kg。</li>\n</ol>','2025-05-24 11:08:33'),(45,'medium','挡位问题','<p>某品牌电热养生壶有低温、中温、高温三个挡位，可以满足人们对精细烹饪和营养量化等功能的需求。其简化电路图如图所示，铭牌如表所示，R<sub>1</sub>、R<sub>2</sub>为阻值不变的电热丝。在额定电压下求：</p>\n\n<table>\n  <tbody><tr>\n    <td>项目</td>\n    <td>参数</td>\n  </tr>\n  <tr>\n    <td>额定电压(V)</td>\n    <td>220</td>\n  </tr>\n  <tr>\n    <td>低温挡功率(W)</td>\n    <td>220</td>\n  </tr>\n  <tr>\n    <td>中温挡功率(W)</td>\n    <td>440</td>\n  </tr>\n  <tr>\n    <td>高温挡功率(W)</td>\n    <td>880</td>\n  </tr>\n  <tr>\n    <td>容积(L)</td>\n    <td>2.5</td>\n  </tr>\n</tbody></table>\n<ol>\n  <li>高温挡工作时，开关S<sub>1</sub>、S<sub>2</sub>、S<sub>3</sub>的状态如何？</li>\n  <li>若高温挡加热效率为80%，将1.5kg水从25℃加热到75℃，需要多长时间？</li>\n  <li>若实际电压为200V，高温挡的实际功率是多少？（电阻不变）</li>\n</ol>','image/1.1.1.jpg','<ol>\n<li>高温挡工作时，开关S<sub>1</sub>、S<sub>2</sub>闭合，S<sub>3</sub>接B。</li>\n<li>水的吸热量Q = mcΔT = 1.5 × 4200 × 50 = 315000J，<br>所需电能W = Q/0.8 = 393750J，<br>时间t = W/P = 393750/880 ≈ 447.44s ≈ 7.46min。</li>\n<li>高温挡电阻R = 55Ω，<br>实际功率P = U<sup>2</sup>/R = 200<sup>2</sup>/55 ≈ 727.27W。</li>\n</ol>','2025-05-24 11:08:47'),(46,'medium','挡位问题','<p>某品牌电热养生壶有低温、中温、高温三个挡位，可以满足人们对精细烹饪和营养量化等功能的需求。其简化电路图如图所示，铭牌如表所示。在额定电压下求：</p>\n\n<table>\n  <tbody><tr>\n    <td>项目</td>\n    <td>参数</td>\n  </tr>\n  <tr>\n    <td>额定电压(V)</td>\n    <td>220</td>\n  </tr>\n  <tr>\n    <td>低温挡功率(W)</td>\n    <td>220</td>\n  </tr>\n  <tr>\n    <td>中温挡功率(W)</td>\n    <td>440</td>\n  </tr>\n  <tr>\n    <td>高温挡功率(W)</td>\n    <td>880</td>\n  </tr>\n  <tr>\n    <td>容积(L)</td>\n    <td>2.5</td>\n  </tr>\n</tbody></table>\n<ol>\n  <li>若S<sub>3</sub>断开，S<sub>1、</sub>S<sub>2</sub>闭合，养生壶处于什么挡位？功率是多少？</li>\n  <li>当S<sub>1</sub>闭合，S<sub>2</sub>断开，S<sub>3</sub>接A时，电路中的总电流为多少？</li>\n  <li>若养生壶在高温挡工作5min，可使多少千克的水从30℃升至90℃？（效率70%）</li>\n</ol>','image/1.1.1.jpg','<ol>\n<li>S<sub>3</sub>断开时，S<sub>1、</sub>S<sub>2</sub>闭合，则仅R<sub>1</sub>工作，<br>处于中温档，查表可知440W。</li>\n<li>处于低温档，P=220W，<br>则由P=UI，I=P/U=220W/220V=1A</li>\n<li>高温挡电能W=880W×300s=264000J，<br>有效热量Q=0.7×264000=184800J，<br>水的质量m=Q/(cΔT)=184800/(4200×60)≈0.733kg。</li>\n</ol>','2025-05-24 11:20:35'),(47,'medium','挡位问题','<p>某品牌电热养生壶有低温、中温、高温三个挡位，可以满足人们对精细烹饪和营养量化等功能的需求。其简化电路图如图所示，铭牌如表所示。在额定电压下求：</p>\n\n<table>\n  <tbody><tr>\n    <td>项目</td>\n    <td>参数</td>\n  </tr>\n  <tr>\n    <td>额定电压(V)</td>\n    <td>220</td>\n  </tr>\n  <tr>\n    <td>低温挡功率(W)</td>\n    <td>220</td>\n  </tr>\n  <tr>\n    <td>中温挡功率(W)</td>\n    <td>440</td>\n  </tr>\n  <tr>\n    <td>高温挡功率(W)</td>\n    <td>880</td>\n  </tr>\n  <tr>\n    <td>容积(L)</td>\n    <td>2.5</td>\n  </tr>\n</tbody></table>\n<ol>\n  <li>求R<sub>1、</sub>R<sub>2</sub>阻值？</li>\n  <li>若R<sub>1</sub>的阻值变为200Ω，求高温档的功率变为多少W？</li>\n  <li>若养生壶在中温挡工作8min，消耗的电能可供20W的LED灯工作多久？</li>\n</ol>','image/1.1.1.jpg','<ol>\n<li>中温档时，只有R<sub>2</sub>在工作，R<sub>2</sub>=110Ω；<br>低温档时，R<sub>1</sub>和R<sub>2</sub>串联，R<sub>总</sub>&nbsp;= U<sup>2</sup>/P<sub>低温</sub>&nbsp;= 220<sup>2</sup>/220 = 220 Ω；<br>串联电路R<sub>总</sub>=R<sub>1</sub>+R<sub>2</sub>,电热丝R<sub>1</sub>的阻值R<sub>1</sub>&nbsp;= 110 Ω。</li>\n<li>高温挡电阻R<sub>总</sub>=R<sub>1</sub>R<sub>2</sub>/(R<sub>1</sub>+R<sub>2</sub>)≈70.97Ω，<br>功率P=U<sup>2</sup>/R=220<sup>2</sup>/70.97≈82W。</li>\n<li>中温挡电能W=440W×480s=211200J，<br>LED灯工作时间t=W/P<sub>灯</sub>=211200/20=10560s=176min。</li>\n</ol>','2025-05-24 11:21:23'),(48,'medium','挡位问题','<p>某品牌电热养生壶有低温、中温、高温三个挡位，可以满足人们对精细烹饪和营养量化等功能的需求。其简化电路图如图所示，铭牌如表所示，R<sub>1</sub>、R<sub>2</sub>为阻值不变的电热丝。当S<sub>1</sub>闭合，S<sub>2</sub>断开，S<sub>3</sub>接A时，养生壶处于低温挡工作状态；当S<sub>1</sub>、S<sub>2</sub>闭合，S<sub>3</sub>接A时，养生壶处于中温挡工作状态。在额定电压下求：</p>\n\n<table>\n  <tbody><tr>\n    <td>项目</td>\n    <td>参数</td>\n  </tr>\n  <tr>\n    <td>额定电压(V)</td>\n    <td>220</td>\n  </tr>\n  <tr>\n    <td>低温挡功率(W)</td>\n    <td>220</td>\n  </tr>\n  <tr>\n    <td>中温挡功率(W)</td>\n    <td>440</td>\n  </tr>\n  <tr>\n    <td>高温挡功率(W)</td>\n    <td>880</td>\n  </tr>\n  <tr>\n    <td>容积(L)</td>\n    <td>2.5</td>\n  </tr>\n</tbody></table>\n<ol>\n  <li>若养生壶在高温挡工作10min，产生的总热量是多少？</li>\n  <li>若这些热量的60%被水吸收，可将多少千克水从20℃加热到80℃？</li>\n  <li>若改用中温挡加热相同质量的水，需要多长时间？（效率相同）</li>\n</ol>','image/1.1.1.jpg','<ol>\n<li>高温挡总热量Q=Pt=880W×600s=528000J。</li>\n<li>有效热量Q<sub>吸</sub>=0.6×528000=316800J，<br>水的质量m=Q<sub>吸</sub>/(cΔT)=316800/(4200×60)≈1.257kg。</li>\n<li>中温挡功率440W，效率60%时所需热量相同，<br>时间t=Q<sub>吸</sub>/(0.6×P)=316800/(0.6×440)=1200s=20min。</li>\n</ol>','2025-05-24 11:22:18'),(49,'easy','挡位问题','<p>图甲是某款即开即热、冷热兼用的电热水龙头。图乙是它的工作原理简化电路图。R<sub>1</sub>、R<sub>2</sub>为电热丝，通过闭合或断开开关S<sub>1</sub>、S<sub>2</sub>，从而实现冷水、温水、热水之间的切换，有关参数如表。</p>\n\n<table>\n  <tbody><tr>\n    <th>工作模式</th>\n    <th>功率（W）</th>\n    <th>开关状态</th>\n  </tr>\n  <tr>\n    <td>冷水</td>\n    <td>0</td>\n    <td>S<sub>1</sub>、S<sub>2</sub>断开</td>\n  </tr>\n  <tr>\n    <td>温水</td>\n    <td>1100</td>\n    <td>S<sub>1</sub>闭合，S<sub>2</sub>断开</td>\n  </tr>\n  <tr>\n    <td>热水</td>\n    <td>2200</td>\n    <td>S<sub>1</sub>、S<sub>2</sub>闭合</td>\n  </tr>\n</tbody></table>\n<p>其他参数：</p>\n<ul>\n  <li>额定电压：220V</li>\n  <li>水的比热容：c=4.2×10<sup>3</sup> J/(kg·℃)</li>\n</ul>\n<ol>\n  <li>水龙头放出温水时，请画出化简电路图，并求出此时电路中的电流大小？</li>\n  <li>计算电热丝R<sub>1</sub>的阻值。</li>\n  <li>若使用温水挡工作30s，消耗多少电能？</li>\n</ol>\n','image/1.1.2.jpg','<ol>\n<li>P=UI，I=P/U=1100W/220V=5A</li>\n<li>\n温水挡功率P=1100W，电压U=220V，仅R<sub>1</sub>在工作<br>\n根据P=U²/R ⇒ R<sub>1</sub>=U²/P=220²/1100=48400/1100=44Ω\n</li>\n<li>\n温水挡功率P=1100W<br>\n工作时间t=30s<br>\n电能W=Pt=1100×30=33000J\n</li>\n</ol>\n','2025-05-24 11:25:44'),(50,'easy','挡位问题','<p>图甲是某款即开即热、冷热兼用的电热水龙头。图乙是它的工作原理简化电路图。R<sub>1</sub>、R<sub>2</sub>为电热丝，通过闭合或断开开关S<sub>1</sub>、S<sub>2</sub>，从而实现冷水、温水、热水之间的切换，有关参数如表。</p>\n\n<table>\n  <tbody><tr>\n    <th>工作模式</th>\n    <th>功率（W）</th>\n    <th>开关状态</th>\n  </tr>\n  <tr>\n    <td>冷水</td>\n    <td>0</td>\n    <td>S<sub>1</sub>、S<sub>2</sub>断开</td>\n  </tr>\n  <tr>\n    <td>温水</td>\n    <td>1100</td>\n    <td>S<sub>1</sub>闭合，S<sub>2</sub>断开</td>\n  </tr>\n  <tr>\n    <td>热水</td>\n    <td>2200</td>\n    <td>S<sub>1</sub>、S<sub>2</sub>闭合</td>\n  </tr>\n</tbody></table>\n\n<p>其他参数：</p>\n<ul>\n  <li>额定电压：220V</li>\n  <li>水的比热容：c=4.2×10<sup>3</sup> J/(kg·℃)</li>\n</ul>\n<ol>\n  <li>水龙头放出热水时，电路的总电阻是多少？</li>\n  <li>若用热水挡加热1kg水，水温从20℃升至40℃，需要多长时间？（不计热量损失）</li>\n  <li>若实际电压为200V，热水挡的实际功率是多少？（假设电阻不变）</li>\n</ol>','image/1.1.2.jpg','<ol>\n<li>\n热水挡功率P=2200W，电压U=220V<br>\n根据P=U²/R ⇒ R=U²/P=220²/2200=48400/2200=22Ω\n</li>\n<li>热量Q=cmΔT=4.2×10³×1×(40-20)=84000J<br>\n时间t=Q/P=84000/2200≈38.18s\n</li>\n<li>\n电阻R=22Ω(保持不变)<br>\n实际电压U\'=200V<br>\n实际功率P\'=U\'²/R=200²/22=40000/22≈1818.18W\n</li>\n</ol>','2025-05-24 11:26:25'),(51,'easy','挡位问题','<p>图甲是某款即开即热、冷热兼用的电热水龙头。图乙是它的工作原理简化电路图。R<sub>1</sub>、R<sub>2</sub>为电热丝，通过闭合或断开开关S<sub>1</sub>、S<sub>2</sub>，从而实现冷水、温水、热水之间的切换，有关参数如表。</p>\n\n<table>\n  <tbody><tr>\n    <th>工作模式</th>\n    <th>功率（W）</th>\n    <th>开关状态</th>\n  </tr>\n  <tr>\n    <td>冷水</td>\n    <td>0</td>\n    <td>S<sub>1</sub>、S<sub>2</sub>断开</td>\n  </tr>\n  <tr>\n    <td>温水</td>\n    <td>1100</td>\n    <td>S<sub>1</sub>闭合，S<sub>2</sub>断开</td>\n  </tr>\n  <tr>\n    <td>热水</td>\n    <td>2200</td>\n    <td>S<sub>1</sub>、S<sub>2</sub>闭合</td>\n  </tr>\n</tbody></table>\n\n<p>其他参数：</p>\n<ul>\n  <li>额定电压：220V</li>\n  <li>水的比热容：c=4.2×10<sup>3</sup> J/(kg·℃)</li>\n</ul>\n<ol>\n  <li>计算电热丝R<sub>2</sub>的阻值。</li>\n  <li>若使用热水挡工作1min，可使多少千克的水从10℃升至50℃？（不计热量损失）</li>\n  <li>若温水挡工作5min，消耗的电能可供60W的灯泡工作多久？</li>\n</ol>','image/1.1.2.jpg','<ol>\n<li>热水挡功率P=2200W，电压U=220V，R<sub>1</sub>和R<sub>2</sub>并联<br>根据P=U²/R ⇒ R<sub>总</sub>=U²/P=220²/2200=48400/2200=22Ω<br>温水档时，仅R1在工作，根据P=U²/R ⇒ R<sub>1</sub>=U²/P=44Ω；<br>则R<sub>2</sub>=44Ω</li>\n<li>\n热水挡功率P=2200W，工作时间t=60s<br>\n电能W=Pt=2200×60=132000J<br>\n热量Q=cmΔT ⇒ m=Q/(cΔT)=132000/(4.2×10³×40)≈0.7857kg\n</li>\n<li>\n温水挡功率P=1100W，工作时间t=5min=300s<br>\n电能W=Pt=1100×300=330000J<br>\n灯泡功率P\'=60W<br>\n工作时间t\'=W/P\'=330000/60=5500s≈91.67min\n</li>\n</ol>','2025-05-24 11:28:09'),(52,'medium','挡位问题','<p>图甲是某款即开即热、冷热兼用的电热水龙头。图乙是它的工作原理简化电路图。R<sub>1</sub>、R<sub>2</sub>为电热丝，通过闭合或断开开关S<sub>1</sub>、S<sub>2</sub>，从而实现冷水、温水、热水之间的切换，有关参数如表。</p>\n\n<table>\n  <tbody><tr>\n    <th>工作模式</th>\n    <th>功率（W）</th>\n    <th>开关状态</th>\n  </tr>\n  <tr>\n    <td>冷水</td>\n    <td>0</td>\n    <td>S<sub>1</sub>、S<sub>2</sub>断开</td>\n  </tr>\n  <tr>\n    <td>温水</td>\n    <td>1100</td>\n    <td>S<sub>1</sub>闭合，S<sub>2</sub>断开</td>\n  </tr>\n  <tr>\n    <td>热水</td>\n    <td>2200</td>\n    <td>S<sub>1</sub>、S<sub>2</sub>闭合</td>\n  </tr>\n</tbody></table>\n\n<p>其他参数：</p>\n<ul>\n  <li>额定电压：220V</li>\n  <li>水的比热容：c=4.2×10<sup>3</sup> J/(kg·℃)</li>\n</ul>\n<ol>\n  <li>若热水挡加热效率为80%，将2kg水从15℃加热到45℃，消耗多少电能？</li>\n  <li>若R<sub>2</sub>损坏，导致热水挡无法工作，此时温水挡的功率是否受影响？为什么？</li>\n  <li>求两电阻串联时，电路的总功率。</li>\n</ol>','image/1.1.2.jpg','<ol>\n<li>\n热量Q=cmΔT=4.2×10³×2×(45-15)=252000J<br>\n效率η=80% ⇒ W=Q/η=252000/0.8=315000J\n</li>\n<li>\n不受影响。因为温水挡仅由R<sub>1</sub>工作，S<sub>2</sub>断开时R<sub>2</sub>不参与工作，<br>R<sub>2</sub>损坏不影响温水挡电路。\n</li>\n<li>热水挡功率P=2200W，电压U=220V，R<sub>1</sub>和R<sub>2</sub>并联<br>根据P=U²/R ⇒ R<sub>总</sub>=U²/P=220²/2200=48400/2200=22Ω<br>温水档时，仅R1在工作，根据P=U²/R <br>R<sub>1</sub>=U²/P=44Ω，<br>R<sub>2</sub>=44Ω<br>P=U<sup>2</sup>/R<sub>总</sub>=(220V)<sup>2</sup>×88Ω=550W</li>\n</ol>','2025-05-24 11:29:02'),(53,'medium','挡位问题','<p>图甲是某款即开即热、冷热兼用的电热水龙头。图乙是它的工作原理简化电路图。R<sub>1</sub>、R<sub>2</sub>为电热丝，通过闭合或断开开关S<sub>1</sub>、S<sub>2</sub>，从而实现冷水、温水、热水之间的切换，有关参数如表。</p>\n\n<table>\n  <tbody><tr>\n    <th>工作模式</th>\n    <th>功率（W）</th>\n    <th>开关状态</th>\n  </tr>\n  <tr>\n    <td>冷水</td>\n    <td>0</td>\n    <td>S<sub>1</sub>、S<sub>2</sub>断开</td>\n  </tr>\n  <tr>\n    <td>温水</td>\n    <td>1100</td>\n    <td>S<sub>1</sub>闭合，S<sub>2</sub>断开</td>\n  </tr>\n  <tr>\n    <td>热水</td>\n    <td>2200</td>\n    <td>S<sub>1</sub>、S<sub>2</sub>闭合</td>\n  </tr>\n</tbody></table>\n\n<p>其他参数：</p>\n<ul>\n  <li>额定电压：220V</li>\n  <li>水的比热容：c=4.2×10<sup>3</sup> J/(kg·℃)</li>\n</ul>\n<ol>\n  <li>求R<sub>1</sub>、R<sub>2</sub>的阻值</li>\n  <li>若热水挡工作1min，可使多少千克的水从20℃升至60℃？（效率75%）</li>\n  <li>若R<sub>1</sub>和R<sub>2</sub>串联接入电路，计算此时的总功率。</li>\n</ol>\n','image/1.1.2.jpg','<ol>\n  <li>热水挡功率P=2200W，电压U=220V，R<sub>1</sub>和R<sub>2</sub>并联<br>根据P=U²/R ⇒ R<sub>总</sub>=U²/P=220²/2200=48400/2200=22Ω<br>温水档时，仅R1在工作，根据P=U²/R<br>R<sub>1</sub>=U²/P=44Ω，<br>R<sub>2</sub>=44Ω</li><li>W=Pt=2200W×60s=132000J<br>Q=132000×0.75=99000J<br>m=Q/CΔt=0.1kg</li>\n</ol>','2025-05-24 11:29:39'),(54,'medium','挡位问题','<p>图甲是某款即开即热、冷热兼用的电热水龙头。图乙是它的工作原理简化电路图。R<sub>1</sub>、R<sub>2</sub>为电热丝，通过闭合或断开开关S<sub>1</sub>、S<sub>2</sub>，从而实现冷水、温水、热水之间的切换，有关参数如表。</p>\n\n<table>\n  <tbody><tr>\n    <th>工作模式</th>\n    <th>功率（W）</th>\n    <th>开关状态</th>\n  </tr>\n  <tr>\n    <td>冷水</td>\n    <td>0</td>\n    <td>S<sub>1</sub>、S<sub>2</sub>断开</td>\n  </tr>\n  <tr>\n    <td>温水</td>\n    <td>1100</td>\n    <td>S<sub>1</sub>闭合，S<sub>2</sub>断开</td>\n  </tr>\n  <tr>\n    <td>热水</td>\n    <td>2200</td>\n    <td>S<sub>1</sub>、S<sub>2</sub>闭合</td>\n  </tr>\n</tbody></table>\n\n<p>其他参数：</p>\n<ul>\n  <li>额定电压：220V</li>\n  <li>水的比热容：c=4.2×10<sup>3</sup> J/(kg·℃)</li>\n</ul>\n<ol>\n  <li>计算R<sub>1</sub>、R<sub>2</sub>的阻值。</li>\n  <li>若热水龙头在高温环境下使用，电热丝电阻增大5%，求此时电路的实际功率？</li>\n  <li>若水龙头在温水档长时间使用后，R<sub>1</sub>阻值减小10%，求此时温水档的实际功率。</li>\n</ol>','image/1.1.2.jpg','<ol>\n<li>R<sub>1</sub>的阻值：R<sub>1</sub>=U<sup>2</sup>/P<sub>温水</sub>=220<sup>2</sup>/1100=44 Ω<br>\n热水档总电阻：R<sub>总</sub>=U<sup>2</sup>/P<sub>热水</sub>=220<sup>2</sup>/2200=22 Ω<br>\nR<sub>2</sub>的阻值：1/R<sub>总</sub>=1/R<sub>1</sub>+1/R<sub>2</sub> → R<sub>2</sub>=44 Ω</li>\n\n<li>电阻增大5%后：<br>\nR<sub>1</sub>\'=44×1.05=46.2 Ω<br>\nR<sub>2</sub>\'=44×1.05=46.2 Ω<br>\n总电阻：R<sub>总</sub>\'=1/(1/46.2+1/46.2)=23.1 Ω<br>\n实际功率：P\'=U<sup>2</sup>/R<sub>总</sub>\'=220<sup>2</sup>/23.1≈2095 W</li>\n\n<li>R<sub>1</sub>减小10%后：<br>\nR<sub>1</sub>\"=44×0.9=39.6 Ω<br>\n实际功率：P\"=U<sup>2</sup>/R<sub>1</sub>\"=220<sup>2</sup>/39.6≈1222 W</li>\n</ol>','2025-05-24 11:30:13'),(55,'medium','挡位问题','<p>图甲是某款即开即热、冷热兼用的电热水龙头。图乙是它的工作原理简化电路图。R<sub>1</sub>、R<sub>2</sub>为电热丝，通过闭合或断开开关S<sub>1</sub>、S<sub>2</sub>，从而实现冷水、温水、热水之间的切换，有关参数如表。</p>\n\n<table>\n  <tbody><tr>\n    <th>工作模式</th>\n    <th>功率（W）</th>\n    <th>开关状态</th>\n  </tr>\n  <tr>\n    <td>冷水</td>\n    <td>0</td>\n    <td>S<sub>1</sub>、S<sub>2</sub>断开</td>\n  </tr>\n  <tr>\n    <td>温水</td>\n    <td>1100</td>\n    <td>S<sub>1</sub>闭合，S<sub>2</sub>断开</td>\n  </tr>\n  <tr>\n    <td>热水</td>\n    <td>2200</td>\n    <td>S<sub>1</sub>、S<sub>2</sub>闭合</td>\n  </tr>\n</tbody></table>\n\n<p>其他参数：</p>\n<ul>\n  <li>额定电压：220V</li>\n  <li>水的比热容：c=4.2×10<sup>3</sup> J/(kg·℃)</li>\n</ul>\n<ol>\n  <li>若热水挡工作3min，产生的总热量是多少？</li>\n  <li>若这些热量的70%被水吸收，可将多少千克水从10℃加热到70℃？</li>\n  <li>若改用温水挡加热相同质量的水，需要多长时间？（效率相同）</li>\n</ol>','image/1.1.2.jpg','<ol>\n<li>热水挡功率P=2200W，工作时间t=3min=180s<br>\n总热量Q=Pt=2200×180=3.96×10<sup>5</sup> J</li>\n\n<li>有效热量Q<sub>有效</sub>=0.7Q=2.772×10<sup>5</sup> J<br>\n水的比热容c=4.2×10<sup>3</sup> J/(kg·℃)，温差ΔT=60℃<br>\n由Q<sub>有效</sub>=cmΔT得：<br>\nm=Q<sub>有效</sub>/(cΔT)=2.772×10<sup>5</sup>/(4.2×10<sup>3</sup>×60)=1.1 kg</li>\n\n<li>温水挡功率P\'=1100W<br>\n需要热量相同，效率相同，则：<br>\nt\'=Q/P\'=2.772×10<sup>5</sup>/1100=252s=4.2min</li>\n</ol>','2025-05-24 11:31:51'),(56,'easy','挡位问题','<p>某款具有加热和保温功能的电热茶壶，其简化电路如图所示，在220V电压下工作时，加热电流为4A，保温电流为0.5A。</p>\n\n<table>\n  <tbody><tr>\n    <td>工作模式</td>\n    <td>电流(A)</td>\n  </tr>\n  <tr>\n    <td>加热</td>\n    <td>4</td>\n  </tr>\n  <tr>\n    <td>保温</td>\n    <td>0.5</td>\n  </tr>\n</tbody></table>\n<ol>\n      <li>茶壶保温时的功率是多少？</li>\n      <li>计算加热挡工作时电热丝 R<sub>1</sub> 的阻值。</li>\n      <li>若茶壶加热2min，消耗多少电能？</li>\n    </ol>','image/1.1.3.jpg','<ol>\n<li>保温功率 <i>P</i> = <i>U</i> × <i>I</i> = 220V × 0.5A = 110W</li>\n<li>加热时电阻 <i>R</i><sub>1</sub> = <i>U</i> / <i>I</i> = 220V / 4A = 55Ω</li>\n<li>电能 <i>W</i>&nbsp;= <i>P</i> × <i>t</i> = (220V × 4A) × (2 × 60s) = 105600J</li>\n</ol>','2025-05-24 11:47:19'),(57,'easy','挡位问题','<p>某款具有加热和保温功能的电热茶壶，其简化电路如图所示，在220V电压下工作时，加热电流为4A，保温电流为0.5A。</p>\n\n<table>\n  <tbody><tr>\n    <td>工作模式</td>\n    <td>电流(A)</td>\n  </tr>\n  <tr>\n    <td>加热</td>\n    <td>4</td>\n  </tr>\n  <tr>\n    <td>保温</td>\n    <td>0.5</td>\n  </tr>\n</tbody></table>\n<ol>\n      <li>茶壶在保温挡时，电路的总电阻是多少？</li>\n      <li>若不计热量损失，将1kg水从20°C加热至80°C，需要多长时间？</li>\n      <li>若实际电压为210V，加热挡的实际功率是多少？（假设电阻不变）</li>\n    </ol>','image/1.1.3.jpg','<ol>\n<li>保温挡总电阻 <i>R</i><sub>总</sub> = <i>U</i> / <i>I</i> = 220V / 0.5A = 440Ω</li>\n<li>水的比热容 <i>c</i> = 4200J/(kg·℃)，加热所需热量 <i>Q</i> = <i>cm</i>Δ<i>T</i> = 4200 × 1 × (80-20) = 252000J<br>\n加热功率 <i>P</i> = <i>U</i> × <i>I</i> = 220V × 4A = 880W<br>\n所需时间 <i>t</i> = <i>Q</i> / <i>P</i> = 252000J / 880W ≈ 286.36s (约4.77min)</li>\n<li>加热挡电阻 <i>R</i><sub>1</sub> = 220V / 4A = 55Ω（不变）<br>\n实际功率 <i>P</i><sub>实</sub> = <i>U</i><sub>实</sub><sup>2</sup> / <i>R</i><sub>1</sub> = 210<sup>2</sup> / 55 ≈ 801.82W</li>\n</ol>','2025-05-24 11:48:22'),(58,'easy','挡位问题','<p>某款具有加热和保温功能的电热茶壶，其简化电路如图所示，在220V电压下工作时，加热电流为4A，保温电流为0.5A。</p>\n\n<table>\n  <tbody><tr>\n    <td>工作模式</td>\n    <td>电流(A)</td>\n  </tr>\n  <tr>\n    <td>加热</td>\n    <td>4</td>\n  </tr>\n  <tr>\n    <td>保温</td>\n    <td>0.5</td>\n  </tr>\n</tbody></table>\n    <ol>\n      <li>求R<sub>1</sub>的阻值。</li>\n      <li>保温挡工作时，电路的总功率是多少？</li>\n      <li>若茶壶在加热挡工作3min，可使多少千克的水从20°C升至50°C？（不计热量损失）</li>\n    </ol>','image/1.1.3.jpg','<ol>\n<li><i>R</i><sub>1</sub> = <i>U</i> / <i>I</i><sub>加热</sub> = 220V / 4A = 55Ω</li>\n<li>保温功率 <i>P</i><sub>保温</sub> = <i>U</i> × <i>I</i><sub>保温</sub> = 220V × 0.5A = 110W</li>\n<li>加热功率 <i>P</i><sub>加热</sub> = 880W，时间 <i>t</i> = 3min = 180s<br>\n电能 <i>Q</i> = <i>P</i><sub>加热</sub> × <i>t</i> = 880W × 180s = 158400J<br>\n水的比热容 <i>c</i> = 4200J/(kg·℃)，Δ<i>T</i> = 50°C - 20°C = 30°C<br>\n由 <i>Q</i> = <i>cm</i>Δ<i>T</i> 得：<br>\n<i>m</i> = <i>Q</i> / (<i>c</i>Δ<i>T</i>) = 158400J / (4200J/(kg·℃) × 30°C) ≈ 1.26kg</li>\n</ol>','2025-05-24 11:49:06'),(59,'medium','挡位问题','<p>某款具有加热和保温功能的电热茶壶，其简化电路如图所示，在220V电压下工作时，加热电流为4A，保温电流为0.5A。</p>\n\n<table>\n  <tbody><tr>\n    <td>工作模式</td>\n    <td>电流(A)</td>\n  </tr>\n  <tr>\n    <td>加热</td>\n    <td>4</td>\n  </tr>\n  <tr>\n    <td>保温</td>\n    <td>0.5</td>\n  </tr>\n</tbody></table>    \n<ol>\n      <li>若加热效率为85%，将1.5kg水从25°C加热到95°C，消耗多少电能？</li>\n      <li>若R<sub>2</sub>断路，茶壶是否还能保温？为什么？</li>\n      <li>计算R<sub>1</sub>、R<sub>2</sub>的阻值。</li>\n    </ol>','image/1.1.3.jpg','<ol>\n<li>水吸收热量 Q = cmΔT = 4200×1.5×(95-25) = 441000J<br>\n消耗电能 W = Q/η = 441000J/0.85 ≈ 518823.5J</li>\n<li>不能保温。因为保温时R₁和R₂串联，若R₂断路，电路断开无法工作。</li>\n<li>加热时只有R₁工作：R₁ = U/I<sub>加热</sub> = 220/4 = 55Ω<br>\n保温时R₁+R₂ = U/I<sub>保温</sub> = 220/0.5 = 440Ω<br>\nR₂ = 440Ω - 55Ω = 385Ω</li>\n</ol>','2025-05-24 11:49:51'),(60,'medium','挡位问题','<p>某款具有加热和保温功能的电热茶壶，其简化电路如图所示，在220V电压下工作时，加热电流为4A，保温电流为0.5A。</p>\n\n<table>\n  <tbody><tr>\n    <td>工作模式</td>\n    <td>电流(A)</td>\n  </tr>\n  <tr>\n    <td>加热</td>\n    <td>4</td>\n  </tr>\n  <tr>\n    <td>保温</td>\n    <td>0.5</td>\n  </tr>\n</tbody></table>\n\n    <ol>\n      <li>求加热挡和保温挡的电路功率为多少？</li>\n      <li>若茶壶加热5min，可使多少千克的水从15°C升至65°C？（效率80%）</li>\n      <li>若R<sub>1</sub>和R<sub>2</sub>并联接入电路，计算此时的总功率。</li>\n    </ol>','image/1.1.3.jpg','<ol>\n<li>加热功率 P<sub>加热</sub> = UI = 220×4 = 880W<br>\n保温功率 P<sub>保温</sub> = UI = 220×0.5 = 110W</li>\n<li>加热时间 t = 5min = 300s<br>\n电能 W = Pt = 880×300 = 264000J<br>\n有效热量 Q = W×η = 264000×0.8 = 211200J<br>\n由Q = cmΔT得：<br>\nm = Q/(cΔT) = 211200/(4200×50) ≈ 1.01kg</li>\n<li>R₁ = 55Ω，R₂ = 385Ω<br>\n并联总电阻 R<sub>总</sub> = (R₁×R₂)/(R₁+R₂) ≈ 48.06Ω<br>\n总功率 P = U²/R = 220²/48.06 ≈ 1007W</li>\n</ol>','2025-05-24 11:50:40'),(61,'medium','挡位问题','   <p>某款具有加热和保温功能的电热茶壶，其简化电路如图所示，在220V电压下工作时，加热电流为4A，保温电流为0.5A。</p>\n\n<table>\n  <tbody><tr>\n    <td>工作模式</td>\n    <td>电流(A)</td>\n  </tr>\n  <tr>\n    <td>加热</td>\n    <td>4</td>\n  </tr>\n  <tr>\n    <td>保温</td>\n    <td>0.5</td>\n  </tr>\n</tbody></table> <ol>\n      <li>求R<sub>1</sub>、R<sub>2</sub>的阻值。</li>\n      <li>若茶壶在加热模式下工作，加热效率为75%，计算将2kg水从20°C加热到70°C所需时间。</li>\n      <li>若两电阻并联，求电路的功率。</li>\n    </ol>','image/1.1.3.jpg','<ol>\n<li>加热挡：<i>R</i><sub>1</sub> = <i>U</i>/<i>I</i><sub>加热</sub> = 220V/4A = 55Ω<br>\n保温挡：<i>R</i><sub>总</sub> = <i>U</i>/<i>I</i><sub>保温</sub> = 220V/0.5A = 440Ω<br>\n<i>R</i><sub>2</sub> = <i>R</i><sub>总</sub> - <i>R</i><sub>1</sub> = 440Ω - 55Ω = 385Ω</li>\n\n<li>水吸收热量 <i>Q</i> = <i>cm</i>Δ<i>T</i> = 4200×2×50 = 420000J<br>\n需要电能 <i>W</i> = <i>Q</i>/η = 420000/0.75 = 560000J<br>\n加热功率 <i>P</i> = 880W<br>\n所需时间 <i>t</i> = <i>W</i>/<i>P</i> = 560000/880 ≈ 636.36s ≈ 10.6min</li>\n\n<li>并联总电阻 <i>R</i><sub>并</sub> = (<i>R</i><sub>1</sub><i>R</i><sub>2</sub>)/(<i>R</i><sub>1</sub>+<i>R</i><sub>2</sub>) = (55×385)/(55+385) ≈ 48.06Ω<br>\n电路功率 <i>P</i> = <i>U</i><sup>2</sup>/<i>R</i><sub>并</sub> = 220<sup>2</sup>/48.06 ≈ 1007W</li>\n</ol>','2025-05-24 11:51:19'),(62,'medium','挡位问题','<p>某款具有加热和保温功能的电热茶壶，其简化电路如图所示，在220V电压下工作时，加热电流为4A，保温电流为0.5A。</p>\n\n<table>\n  <tbody><tr>\n    <td>工作模式</td>\n    <td>电流(A)</td>\n  </tr>\n  <tr>\n    <td>加热</td>\n    <td>4</td>\n  </tr>\n  <tr>\n    <td>保温</td>\n    <td>0.5</td>\n  </tr>\n</tbody></table>    <ol>\n      <li>若加热挡工作10min，产生的总热量是多少？</li>\n      <li>若这些热量的60%被水吸收，可将多少千克水从20°C加热到80°C？</li>\n      <li>若改用保温挡加热相同质量的水，需要多长时间？（效率相同）</li>\n    </ol>','image/1.1.3.jpg','<ol>\n<li>加热功率 P<sub>加热</sub> = 220V×4A = 880W<br>\n工作时间 t = 10min = 600s<br>\n总热量 Q<sub>总</sub> = Pt = 880W×600s = 528000J</li>\n\n<li>有效热量 Q<sub>有效</sub> = 528000J×0.6 = 316800J<br>\n由 Q = cmΔT 得：<br>\nm = Q/(cΔT) = 316800/(4200×60) ≈ 1.26kg</li>\n\n<li>保温功率 P<sub>保温</sub> = 220V×0.5A = 110W<br>\n所需热量相同，效率相同，则：<br>\nt = Q<sub>总</sub>/P<sub>保温</sub> = 528000J/110W = 4800s = 80min</li>\n</ol>','2025-05-24 11:52:01'),(63,'easy','力学速度、压强、功率','<p>小明背着质量为5kg的书包站立，书包与肩膀接触面积为0.02m²（g取10N/kg）。求：</p>\n<ol>\n    <li>书包的重力；</li>\n    <li>书包对肩膀的压强；</li>\n    <li>若小明匀速走上3楼（高度10m），克服重力做功多少？</li>\n</ol>','image/1.jpg','<ol>\n    <li>重力 G = mg = 5kg × 10N/kg = 50N；</li>\n    <li>压强 p = F/S = 50N/0.02m² = 2500Pa；</li>\n    <li>克服重力做功 W = Gh = 50N × 10m = 500J。</li>\n</ol>','2025-05-24 21:20:09'),(64,'medium','力学速度、压强、功率','<p>小华踩着质量为2kg的滑板在平直路上匀速滑行，滑板与地面接触面积为0.01m²，小华质量58kg，阻力为总重力的0.1倍（g取10N/kg）。求：</p>\n<ol>\n    <li>小华和滑板的总重力；</li>\n    <li>滑板对地面的压强；</li>\n    <li>若滑行20m用时40s，克服阻力做功的功率。</li>\n</ol>','image/1.jpg','<ol>\n    <li>总重力 G =mg= (58kg + 2kg) × 10N/kg = 600N；</li>\n    <li>压强 p = F/S=600N/0.01m² = 60000Pa；</li>\n    <li>阻力 f =0.1G= 0.1 × 600N = 60N，<br>功 W = fs = 60N × 20m = 1200J，<br>功率 P = W/t = 1200J/40s = 30W。</li>\n</ol>\n','2025-05-24 21:37:08'),(65,'medium','力学速度、压强、功率','<p>叉车将一箱质量为200kg的货物匀速提升2m，用时4s（g取10N/kg）。求：</p>\n<ol>\n    <li>货物的重力；</li>\n    <li>货物上升的速度；</li>\n    <li>叉车提升货物的功率。</li>\n</ol>','image/1.jpg','<ol>\n    <li>重力 G =mg= 200kg × 10N/kg = 2000N；</li>\n    <li>速度 v = h/t = 2m/4s = 0.5m/s；</li>\n    <li>功率 P = W/t = (2000N × 2m)/4s = 1000W。</li>\n</ol>','2025-05-24 21:37:30'),(66,'medium','力学速度、压强、功率','<p>小红骑自行车在公园匀速行驶，人和车总重力为800N，阻力为重力的0.05倍。若她骑行5min通过900m。求：</p>\n<ol>\n    <li>骑行阻力大小；</li>\n    <li>平均速度；</li>\n    <li>克服阻力做功的功率。</li>\n</ol>','image/1.jpg','<ol>\n    <li>阻力 f =0.05G= 0.05 × 800N = 40N；</li>\n    <li>速度 v = s/t = 900m/300s = 3m/s；</li>\n    <li>功率 P = Fv =fv= 40N × 3m/s = 120W。</li>\n</ol>','2025-05-24 21:37:54'),(67,'medium','力学速度、压强、功率','<p>某餐厅的送餐机器人质量为20kg，静止时与地面接触面积为0.005m²。它匀速送餐10m用时20s，送餐时受到的平均阻力为30N（g取10N/kg）。求：</p>\n<ol>\n    <li>机器人对地面的压强；</li>\n    <li>送餐的平均速度；</li>\n    <li>克服阻力做功的功率。</li>\n</ol>','image/1.jpg','<ol>\n    <li>压强 p = mg/S = 200N/0.005m² = 40000Pa；</li>\n    <li>速度 v = 10m/20s = 0.5m/s；</li>\n    <li>功率 P = Fv =fv= 30N × 0.5m/s = 15W。</li>\n</ol>','2025-05-24 21:38:54'),(68,'medium','力学速度、压强、功率','<p>一名登山者背着质量为15kg的背包攀登雪山，登高500m用时1小时。背包与背部接触面积为0.03m²，肩带为两条，每条受力面积25cm²（g取10N/kg）。求：</p>\n<ol>\n    <li>背包的重力；</li>\n    <li>登山者对背包做功的功率；</li>\n    <li>单根肩带对肩膀的压强。</li>\n</ol>','image/1.jpg','<ol>\n    <li>重力 G = mg=15kg × 10N/kg = 150N；</li>\n    <li>功率 P = W/t = (150N × 500m)/3600s ≈ 20.83W；</li>\n    <li>单肩压强 p = F/S = 75N/(25 × 10<sup>-4</sup>m²) = 30000Pa。</li>\n</ol>','2025-05-24 21:45:30'),(69,'medium','力学速度、压强、功率','<p>一辆新能源货车载货总质量为5吨，轮胎与地面总接触面积为0.5m²。它以72km/h的速度匀速行驶，阻力为车重的0.02倍（g取10N/kg）。求：</p>\n<ol>\n    <li>货车对地面的压强；</li>\n    <li>行驶10km克服阻力做的功；</li>\n    <li>发动机的功率。</li>\n</ol>','image/1.jpg','<ol>\n    <li>压强 p =F/S= 50000N/0.5m² = 100000Pa；</li>\n    <li>功 W = fs = 1000N × 10000m = 1 × 10<sup>7</sup>J；</li>\n    <li>功率 P = Fv = 1000N × 20m/s = 20000W。</li>\n</ol>\n','2025-05-24 21:46:05'),(70,'medium','力学速度、压强、功率','<p>某写字楼的智能电梯载人总质量为1.2吨，以1m/s速度匀速上升10层（每层高3m）。若电梯电机功率为15kW（g取10N/kg）。求：</p>\n<ol>\n    <li>电梯和人的总重力；</li>\n    <li>电梯克服重力做的有用功；</li>\n    <li>电梯的机械效率。</li>\n</ol>','image/1.jpg','<ol>\n    <li>重力 G = 1200kg × 10N/kg = 12000N；</li>\n    <li>有用功 W = Gh = 12000N × 30m = 360000J；</li>\n    <li>效率 η = W<sub>有用</sub>/(Pt) = 360000J/(15000W × 30s) = 80%。</li>\n</ol>','2025-05-24 22:06:47'),(71,'medium','力学速度、压强、功率','<p>物流工人用50N的水平推力推动一个质量为10kg的箱子在粗糙地面上匀速移动10m，用时20s。箱子与地面接触面积为0.1m²（g取10N/kg）。求：</p>\n<ol>\n    <li>箱子受到的摩擦力；</li>\n    <li>工人推箱子的功率；</li>\n    <li>箱子对地面的压强。</li>\n</ol>','image/1.jpg','<ol>\n    <li>摩擦力 f = F<sub>推</sub> = 50N；</li>\n    <li>功率 P = W/t = (50N × 10m)/20s = 25W；</li>\n    <li>压强 p = (10kg × 10N/kg)/0.1m² = 1000Pa。</li>\n</ol>','2025-05-24 22:08:01'),(72,'medium','力学速度、压强、功率','<p>某农田使用太阳能水泵将100kg水从井底提升至10m高的水槽中，用时5s。若水泵效率为80%（g取10N/kg）。求：</p>\n<ol>\n    <li>水的重力；</li>\n    <li>水泵的有用功率；</li>\n    <li>太阳能电池板的实际输入功率。</li>\n</ol>','image/1.jpg','<ol>\n    <li>重力 G =mg= 100kg × 10N/kg = 1000N；</li>\n    <li>有用功率 P<sub>有用</sub> = W/t=FS/t=(1000N × 10m)/5s = 2000W；</li>\n    <li>输入功率 P<sub>输入</sub> = 2000W/0.8 = 2500W。</li>\n</ol>','2025-05-24 22:12:29'),(73,'medium','力学速度、压强、功率','<p>滑雪者质量70kg，滑雪板总接触面积0.2m²，从斜坡匀速滑下，阻力为200N，滑行100m用时25s（g取10N/kg）。求：</p>\n<ol>\n    <li>滑雪者对雪地的压强；</li>\n    <li>滑行的平均速度；</li>\n    <li>克服阻力做功的功率。</li>\n</ol>','image/1.jpg','<ol>\n    <li>压强 p =F/S= (70kg × 10N/kg)/0.2m² = 3500Pa；</li>\n    <li>速度 v =S/T= 100m/25s = 4m/s；</li>\n    <li>功率 P = Fv = 200N × 4m/s = 800W。</li>\n</ol>','2025-05-24 22:15:37'),(74,'medium','力学速度、压强、功率','<p>起重机将2t货物以0.2m/s速度匀速吊起5m，电机功率5kW（g取10N/kg）。求：</p>\n<ol>\n    <li>货物的重力；</li>\n    <li>起重机有用功；</li>\n    <li>起重机的机械效率。</li>\n</ol>','image/1.jpg','<ol>\n    <li>重力 G =mg= 2000kg × 10N/kg = 20000N；</li>\n    <li>有用功 W = Gh=20000N × 5m = 100000J；</li>\n    <li>效率 η = W<sub>有用</sub>/(Pt) = 100000J/(5000W × 25s) = 80%。</li>\n</ol>','2025-05-24 22:28:27'),(75,'medium','力学速度、压强、功率','<p>汽车质量1.5t，爬坡时牵引力4000N，匀速行驶500m，用时50s（g取10N/kg）。求：</p>\n<ol>\n    <li>汽车重力；</li>\n    <li>牵引力做功的功率；</li>\n    <li>若轮胎与地面总接触面积0.15m²，求汽车对地面的压强。</li>\n</ol>','image/1.jpg','<ol>\n    <li>重力 G =mg= 1500kg × 10N/kg = 15000N；</li>\n    <li>功率 P = W/t = (4000N × 500m)/50s = 40000W；</li>\n    <li>压强 p =F/S= 15000N/0.15m² = 100000Pa。</li>\n</ol>','2025-05-24 22:29:32'),(76,'medium','力学速度、压强、功率','<p>风力发电机叶片受风力1000N，带动发电机以10m/s速度匀速转动，发电机效率50%。求：</p>\n<ol>\n    <li>风力做功的功率；</li>\n    <li>发电机的实际输出功率；</li>\n    <li>若叶片旋转一周做功5000J，求每秒旋转圈数。</li>\n</ol>','image/1.jpg','<ol>\n    <li>功率 P = Fv = 1000N × 10m/s = 10000W；</li>\n    <li>输出功率 P<sub>出</sub> = 10000W × 50% = 5000W；</li>\n    <li>每秒圈数 n = 10000W/5000J = 2圈。</li>\n</ol>','2025-05-24 22:30:25'),(77,'medium','力学速度、压强、功率','<p>&nbsp;火箭质量2×10<sup>4</sup>kg，竖直向上加速，推力3×10<sup>5</sup>N，10s内上升500m（g取10N/kg）。求：</p>\n<ol>\n    <li>火箭重力；</li>\n    <li>推力做功的功率；</li>\n    <li>火箭克服重力做的功。</li>\n</ol>','image/1.jpg','<ol>\n    <li>重力 G = mg=2×10<sup>4</sup>kg × 10N/kg = 2×10<sup>5</sup>N；</li>\n    <li>功率 P = W/t = (3×10<sup>5</sup>N × 500m)/10s = 1.5×10<sup>7</sup>W；</li>\n    <li>克服重力做功 W = Gh = 2×10<sup>5</sup>N × 500m = 1×10<sup>8</sup>J。</li>\n</ol>','2025-05-24 22:31:10'),(88,'easy','浮力与液体压强综合模型','<p>边长为0.05m的正方体木块漂浮在水面，露出体积占<sup>1</sup>/<sub>10</sub>。求：</p>\n<ol>\n  <li>木块受到的浮力；</li>\n  <li>木块的密度；</li>\n  <li>若木块上放一个0.1N的砝码，木块浸入水中的体积。（g=10N/kg）</li>\n</ol>','image/1.jpg','<ol>\n  <li>F<sub>浮</sub> = ρ<sub>水</sub>gV<sub>排</sub> = 1000×10×(0.05<sup>3</sup>×0.9) = 1.125N</li>\n  <li>ρ = <sup>m</sup>/<sub>V</sub> = <sup>G</sup>/<sub>gV</sub> = <sup>1.125</sup>/<sub>10×0.05<sup>3</sup></sub> = 900kg/m<sup>3</sup></li>\n  <li>新增浮力=0.1N，ΔV = <sup>0.1</sup>/<sub>1000×10</sub> = 10<sup>-5</sup>m<sup>3</sup>，总浸入体积=1.125×10<sup>-4</sup>+10<sup>-5</sup>=1.225×10<sup>-4</sup>m<sup>3</sup></li>\n</ol>','2025-05-26 00:22:33'),(89,'easy','浮力与液体压强综合模型','<p>一石块在空气中弹簧测力计示数为6N，浸没水中后示数为4N。求：</p>\n<ol>\n  <li>石块受到的浮力；</li>\n  <li>石块的体积；</li>\n  <li>石块的密度。</li>\n</ol>','image/1.jpg','<ol>\n  <li>F<sub>浮</sub> = 6-4 = 2N</li>\n  <li>V = <sup>F<sub>浮</sub></sup>/<sub>ρ<sub>水</sub>g</sub> = <sup>2</sup>/<sub>1000×10</sub> = 2×10<sup>-4</sup>m<sup>3</sup></li>\n  <li>ρ = <sup>m</sup>/<sub>V</sub> = <sup>6/10</sup>/<sub>2×10<sup>-4</sup></sub> = 3000kg/m<sup>3</sup></li>\n</ol>','2025-05-26 00:23:12'),(90,'easy','浮力与液体压强综合模型','<p>冰块漂浮在水面，露出体积为10<sup>-4</sup>m<sup>3</sup>。求：</p>\n<ol>\n  <li>冰块受到的浮力；</li>\n  <li>冰块的总体积；</li>\n  <li>融化后水面高度是否变化？（ρ<sub>冰</sub>=0.9g/cm<sup>3</sup>）</li>\n</ol>','image/1.jpg','<ol>\n  <li>F<sub>浮</sub> = G<sub>冰</sub> = ρ<sub>冰</sub>V<sub>总</sub>g</li>\n  <li>V<sub>排</sub> = V<sub>总</sub>-10<sup>-4</sup>，由ρ<sub>水</sub>gV<sub>排</sub> = ρ<sub>冰</sub>gV<sub>总</sub>得V<sub>总</sub> = 10<sup>-3</sup>m<sup>3</sup></li>\n  <li>不变化，冰融化后体积等于原排开水的体积</li>\n</ol>','2025-05-26 00:23:54'),(91,'easy','浮力与液体压强综合模型','<p>一物体重力8N，浸没水中时测力计示数为5N。求：</p>\n<ol>\n  <li>浮力大小；</li>\n  <li>物体的体积；</li>\n  <li>物体的密度。</li>\n</ol>','image/1.jpg','<ol>\n  <li>F<sub>浮</sub>=8-5=3N</li>\n  <li>V=<sup>3</sup>/<sub>1000×10</sub>=3×10<sup>-4</sup>m<sup>3</sup></li>\n  <li>ρ=<sup>8/10</sup>/<sub>3×10<sup>-4</sup></sub>≈2667kg/m<sup>3</sup></li>\n</ol>','2025-05-26 00:24:30'),(92,'easy','浮力与液体压强综合模型','<p>边长为0.1m的正方体木块漂浮在水中，有一半的体积浸入水中。求：</p>\n<ol>\n  <li>木块受到的浮力；</li>\n  <li>木块的密度；</li>\n  <li>若用手下压木块使其完全浸没，需施加多大压力？</li>\n</ol>','image/1.jpg','<ol>\n  <li>F<sub>浮</sub>=1000×10×0.5×0.1<sup>3</sup>=5N</li>\n  <li>ρ=<sup>5</sup>/<sub>10×0.1<sup>3</sup></sub>=500kg/m<sup>3</sup></li>\n  <li>需克服额外浮力ΔF=1000×10×0.5×0.1<sup>3</sup>=5N</li>\n</ol>','2025-05-26 00:24:39'),(93,'easy','浮力与液体压强综合模型','<p>圆柱形容器底面积0.01m<sup>2</sup>，水深0.2m，放入木块后液面上升至0.22m。求：</p>\n<ol>\n  <li>木块受到的浮力；</li>\n  <li>若放入木块之后，木块漂浮在水面上，求木块的重力；</li>\n  <li>木块的密度（木块体积5×10<sup>-4</sup>m<sup>3</sup>）。</li>\n</ol>','image/1.jpg','<ol>\n  <li>F<sub>浮</sub>=1000×10×0.01×(0.22-0.2)=2N</li>\n  <li>G=F<sub>浮</sub>=2N</li>\n  <li>ρ=<sup>2/10</sup>/<sub>5×10<sup>-4</sup></sub>=400kg/m<sup>3</sup></li>\n</ol>','2025-05-26 00:24:49'),(94,'easy','浮力与液体压强综合模型','<p>小玻璃瓶重力0.3N，漂浮在水中，此时有80%的体积浸入水中。求：</p>\n<ol>\n  <li>玻璃瓶受到的浮力；</li>\n  <li>玻璃瓶的总体积；</li>\n  <li>若将其完全压入水中，需多大压力？</li>\n</ol>','image/1.jpg','<ol>\n  <li>F<sub>浮</sub>=G=0.3N</li>\n  <li>由F<sub>浮</sub>=ρ<sub>水</sub>gV<sub>排</sub>得V<sub>排</sub>=0.3×10<sup>-4</sup>m<sup>3</sup>;<br>V<sub>总</sub>=V<sub>排</sub>/80%=0.375m<sup>3</sup></li>\n  <li>需克服ΔF=1000×10×(3.75-2.5)×10<sup>-5</sup>=0.125N</li>\n</ol>','2025-05-26 00:24:56'),(95,'easy','浮力与液体压强综合模型','<p>密度计漂浮在液体中，浸入体积占总体积的<sup>3</sup>/<sub>4</sub>。求：</p>\n<ol>\n  <li>液体的密度（密度计质量30g，体积40cm<sup>3</sup>）；</li>\n  <li>若浸入体积变为<sup>1</sup>/<sub>2</sub>，液体密度是多少？</li>\n  <li>密度计刻度上疏下密的原因。</li>\n</ol>','image/1.jpg','<ol>\n  <li>ρ<sub>液</sub>=<sup>30</sup>/<sub>30</sub>=1g/cm<sup>3</sup></li>\n  <li>ρ\'=<sup>30</sup>/<sub>20</sub>=1.5g/cm<sup>3</sup></li>\n  <li>密度与浸入体积成反比，非线性变化</li>\n</ol>','2025-05-26 00:25:03'),(96,'easy','浮力与液体压强综合模型','<p>一物体在空气中质量为500g，浸没水中称得质量为300g。求：</p>\n<ol>\n  <li>浮力大小；</li>\n  <li>物体的体积；</li>\n  <li>物体的密度。</li>\n</ol>','image/1.jpg','<ol>\n  <li>F<sub>浮</sub>=(0.5-0.3)×10=2N</li>\n  <li>V=<sup>2</sup>/<sub>1000×10</sub>=2×10<sup>-4</sup>m<sup>3</sup></li>\n  <li>ρ=<sup>0.5</sup>/<sub>2×10<sup>-4</sup></sub>=2500kg/m<sup>3</sup></li>\n</ol>','2025-05-26 00:25:12'),(97,'easy','浮力与液体压强综合模型','<p>量筒装水至50mL，放入小石块后水位升至60mL，石块悬浮。求：</p>\n<ol>\n  <li>石块受到的浮力；</li>\n  <li>石块的重力；</li>\n  <li>石块的密度。</li>\n</ol>','image/1.jpg','<ol>\n  <li>F<sub>浮</sub>=1×10×10×10<sup>-6</sup>=0.1N</li>\n  <li>G=F<sub>浮</sub>=0.1N</li>\n  <li>ρ=<sup>0.1/10</sup>/<sub>10×10<sup>-6</sup></sub>=1000kg/m<sup>3</sup></li>\n</ol>','2025-05-26 00:25:21'),(98,'medium','浮力与液体压强综合模型','<p>边长为0.1m的正方体物块用细线悬挂，浸入水中后拉力为1.5N，露出<sup>1</sup>/<sub>5</sub>体积。求：</p>\n<ol>\n  <li>物块受到的浮力；</li>\n  <li>物块的密度；</li>\n  <li>剪断细线后，物块静止时浸入水中的体积。</li>\n</ol>','image/1.jpg','<ol>\n  <li>V<sub>排</sub> = 0.1<sup>3</sup>×0.8 = 8×10<sup>-4</sup>m<sup>3</sup>，F<sub>浮</sub> = 1000×10×8×10<sup>-4</sup> = 8N</li>\n  <li>由平衡条件：F<sub>拉</sub>+F<sub>浮</sub>=G，得ρ = <sup>9.5</sup>/<sub>10×0.1<sup>3</sup></sub> = 950kg/m<sup>3</sup></li>\n  <li>漂浮时F\'<sub>浮</sub> = G = 9.5N，V\'<sub>排</sub> = <sup>9.5</sup>/<sub>1000×10</sub> = 9.5×10<sup>-4</sup>m<sup>3</sup></li>\n</ol>','2025-05-26 00:35:15'),(99,'medium','浮力与液体压强综合模型','<p>圆柱形浮筒直径0.2m，高度0.5m，质量10kg，用绳子固定在水底，浮筒恰好完全浸没在水中。求：</p>\n<ol>\n  <li>浮筒完全浸没时绳子的拉力；</li>\n  <li>浮筒自然漂浮时露出水面的高度；</li>\n  <li>若水位下降0.1m，绳子拉力变化量。（ρ<sub>水</sub>=1000kg/m<sup>3</sup>，g=10N/kg）</li>\n</ol>','image/1.jpg','<ol>\n  <li>F<sub>拉</sub>=F<sub>浮</sub>-G=1000×10×π×0.1<sup>2</sup>×0.5-100=157-100=57N</li>\n  <li>h<sub>露</sub>=0.5-<sup>100</sup>/<sub>1000×10×π×0.1<sup>2</sup></sub>=0.18m</li>\n  <li>ΔF=1000×10×π×0.1<sup>2</sup>×0.1=31.4N（增大）</li>\n</ol>','2025-05-26 00:35:24'),(100,'medium','浮力与液体压强综合模型','<p>滑轮组悬挂边长为0.1m的正方体物块（ρ=1.5g/cm<sup>3</sup>），浸入水中后拉力为7N。求：</p>\n<ol>\n  <li>物块浸入水中的体积；</li>\n  <li>剪断绳子后物块最终浮力；</li>\n  <li>容器底部增加的压强（容器底面积0.02m<sup>2</sup>）。</li>\n</ol>\n<ol></ol>','image/1.jpg','<ol>\n  <li>V<sub>排</sub>=<sup>15-7</sup>/<sub>1000×10</sub>=8×10<sup>-4</sup>m<sup>3</sup></li>\n  <li>F\'<sub>浮</sub>=G=15N</li>\n  <li>Δp=<sup>15-7</sup>/<sub>0.02</sub>=400Pa</li>\n</ol>','2025-05-26 00:35:33'),(101,'medium','浮力与液体压强综合模型','<p>柱形容器底面积0.03m<sup>2</sup>，水深0.1m，放入木块后水对容器底压强增大200Pa（木块漂浮在水面上）。求：</p>\n<ol>\n  <li>木块受到的浮力；</li>\n  <li>木块的重力；</li>\n  <li>木块的密度（木块体积2×10<sup>-3</sup>m<sup>3</sup>）。</li>\n</ol>','image/1.jpg','<ol>\n  <li>F<sub>浮</sub>=Δp×S=200×0.03=6N</li>\n  <li>G=F<sub>浮</sub>=6N</li>\n  <li>ρ=<sup>6/10</sup>/<sub>2×10<sup>-3</sup></sub>=300kg/m<sup>3</sup></li>\n</ol>','2025-05-26 00:35:40'),(102,'medium','浮力与液体压强综合模型','<p>杠杆左侧挂一金属块（体积50cm<sup>3</sup>），右侧挂木块（体积100cm<sup>3</sup>，密度0.5g/cm<sup>3</sup>），杠杆平衡。将金属块浸没水中后，求：</p>\n<ol>\n  <li>金属块受到的浮力；</li>\n  <li>为使杠杆重新平衡，需调整木块浸入水中的体积；</li>\n  <li>调整后木块受到的浮力。</li>\n</ol>','image/1.jpg','<ol>\n  <li>F<sub>浮</sub>=1000×10×50×10<sup>-6</sup>=0.5N</li>\n  <li>需增加木块浮力0.25N，V<sub>浸</sub>=<sup>0.25</sup>/<sub>1000×10</sub>=25cm<sup>3</sup></li>\n  <li>F\'<sub>浮</sub>=0.5+0.25=0.75N</li>\n</ol>','2025-05-26 00:35:54'),(103,'medium','浮力与液体压强综合模型','<p>一艘小船排水量1m<sup>3</sup>，自重200kg。求：</p>\n<ol>\n  <li>空船漂浮时浸入水中的体积；</li>\n  <li>最多可载多少千克的货物？</li>\n  <li>若装载100kg货物，求此此时船底受到的水的压力为多少？</li>\n</ol>','image/1.jpg','<ol>\n    <li>空船漂浮时浸入水中的体积：<br>\n        根据浮力平衡条件，F<sub>浮</sub> = G<sub>船</sub>，即ρ<sub>水</sub>gV<sub>浸</sub> = m<sub>船</sub>g。<br>\n        代入数据：1000 kg/m³ × 9.8 m/s² × V<sub>浸</sub> = 200 kg × 9.8 m/s²。<br>\n        解得：V<sub>浸</sub> = 0.2 m³。\n    </li>\n    <li>最多可载货物的质量：<br>\n        最大排水量为1 m³，根据浮力平衡条件，F<sub>浮</sub> = G<sub>船</sub> + G<sub>货</sub>，即ρ<sub>水</sub>gV<sub>排</sub> = (m<sub>船</sub> + m<sub>货</sub>)g。<br>\n        代入数据：1000 kg/m³ × 9.8 m/s² × 1 m³ = (200 kg + m<sub>货</sub>) × 9.8 m/s²。<br>\n        解得：m<sub>货</sub> = 800 kg。\n    </li>\n    <li>装载100 kg货物时船底受到的水的压力：<br>\n        此时总质量 = 200 kg + 100 kg = 300 kg。<br>\n        浮力平衡条件：F<sub>浮</sub> = G<sub>总</sub>，即ρ<sub>水</sub>gV<sub>浸</sub> = 300 kg × g。<br>\n        解得：V<sub>浸</sub> = 0.3 m³。<br>\n        船底受到的压力等于浮力，即F = ρ<sub>水</sub>gV<sub>浸</sub> = 1000 kg/m³ × 9.8 m/s² × 0.3 m³ = 2940 N。\n    </li>\n</ol>','2025-05-26 00:36:02'),(104,'medium','浮力与液体压强综合模型','<p>弹簧测力计下挂边长为0.1m的正方体金属块，浸入密度为1.2g/cm<sup>3</sup>的液体中，弹簧示数F与浸入深度h的关系为F=10-20h（h≤0.1m）。求：</p>\n<ol>\n  <li>金属块的质量；</li>\n  <li>金属块的密度；</li>\n  <li>当h=0.08m时液体对下表面的压强。</li>\n</ol>','image/1.jpg','<ol>\n    <li>金属块的质量：<br>\n        当h=0时，金属块未浸入液体，F=10 N，此时F=G=mg。<br>\n        解得：m = G/g = 10 N / 9.8 m/s² ≈ 1.02 kg。\n    </li>\n    <li>金属块的密度：<br>\n        当h=0.1 m时，金属块完全浸入液体，F=10 - 20×0.1 = 8 N。<br>\n        浮力F<sub>浮</sub> = G - F = 10 N - 8 N = 2 N。<br>\n        根据F<sub>浮</sub> = ρ<sub>液</sub>gV<sub>排</sub>，V<sub>排</sub> = (0.1 m)³ = 0.001 m³。<br>\n        解得：ρ<sub>液</sub> = 1.2 g/cm³ = 1200 kg/m³。<br>\n        金属块体积V = 0.001 m³，密度ρ = m/V = 1.02 kg / 0.001 m³ = 1020 kg/m³。\n    </li>\n    <li>当h=0.08 m时液体对下表面的压强：<br>\n        压强P = ρ<sub>液</sub>gh = 1200 kg/m³ × 9.8 m/s² × 0.08 m = 940.8 Pa。\n    </li>\n</ol>','2025-05-26 00:36:10'),(105,'medium','浮力与液体压强综合模型','<p>如图所示，水平地面上放一个底部有阀门 K 的薄壁柱形容器。现用细线把边长为 0.1m 不吸水的正方体物块悬挂在力传感器下方（力传感器连接电脑后可显示拉力大小），物块有 <sup>1</sup>/<sub>4</sub> 的体积露出水面且处于静止状态，此时细线的拉力为 0.5N（细线长度变化忽略不计，水的密度为 1.0 × 10<sup>3</sup> kg/m<sup>3</sup>，g 取 10N/kg）。</p>\n\n<ol><li>求物块受到的浮力；</li>\n  <li>求物块的重力；</li>\n  <li>求物块的密度。</li>\n</ol>','image/5.1.jpg','<ol>\n  <li>浮力 F<sub>浮</sub> = ρ<sub>水</sub> g V<sub>排</sub> = 1000 × 10 × (0.1<sup>3</sup> × <sup>3</sup>/<sub>4</sub>) = 7.5N；</li>\n  <li>重力 G = F<sub>浮</sub> + F<sub>拉</sub> = 7.5N + 0.5N = 8N；</li>\n  <li>密度 ρ = <sup>m</sup>/<sub>V</sub> = <sup>G/g</sup>/<sub>0.1<sup>3</sup></sub> = <sup>0.8</sup>/<sub>0.001</sub> = 800 kg/m<sup>3</sup>。</li>\n</ol>','2025-05-26 00:36:22'),(106,'medium','浮力与液体压强综合模型','<p>如图所示，水平地面上放一个底部有阀门 K 的薄壁柱形容器。现用细线把边长为 0.1m 不吸水的正方体物块悬挂在力传感器下方（力传感器连接电脑后可显示拉力大小），物块有 <sup>1</sup>/<sub>4</sub> 的体积露出水面且处于静止状态，此时细线的拉力为 0.5N（细线长度变化忽略不计，水的密度为 1.0 × 10<sup>3</sup> kg/m<sup>3</sup>，g 取 10N/kg）。</p>\n\n<ol>\n  <li>若将物块完全浸入水中，求此时物块受到的浮力；</li>\n  <li>求力传感器此时的拉力；</li>\n  <li>若剪断细线，物块静止后露出水面的体积是多少？</li>\n</ol>','image/5.1.jpg','<ol>\n  <li>全浸浮力 F<sub>浮</sub> = ρ<sub>水</sub> g V<sub>物</sub> = 1000 × 10 × 0.001 = 10N；</li>\n  <li>拉力 F<sub>拉</sub> = G - F<sub>浮</sub> = 8N - 10N = -2N（负值表示需向上施加2N压力才能完全浸没）；</li>\n  <li>漂浮时 F<sub>浮</sub> = G = 8N，浸入体积 V<sub>排</sub> = <sup>F<sub>浮</sub></sup>/<sub>ρ<sub>水</sub> g</sub> = 0.0008m<sup>3</sup>，露出体积 0.001 - 0.0008 = 0.0002m<sup>3</sup>。</li>\n</ol>','2025-05-26 00:36:31'),(107,'medium','浮力与液体压强综合模型','<p>如图甲所示，水平桌面上放置一柱形容器，容器内装有0.15m深的水，电子测力计下悬挂一个底面积为5×10<sup>-3</sup>m<sup>2</sup>，高为0.1m的圆柱体。将圆柱体从水面上方缓慢浸入水中，浸入过程中圆柱体不发生倾斜，电子测力计示数F与圆柱体下降高度的关系如图20乙所示（ρ<sub>水</sub>=1.0×10<sup>3</sup>kg/m<sup>3</sup>\n\n<ol>\n  <li>打开阀门放水，当拉力变为 3N 时，求此时浮力；</li>\n  <li>求此时物块浸入水中的体积；</li>\n  <li>与初始状态相比，水面下降了多少？</li>\n</ol>','image/5.1.jpg','<ol>\n  <li>浮力 F<sub>浮</sub> = G - F<sub>拉</sub> = 8N - 3N = 5N；</li>\n  <li>浸入体积 V<sub>排</sub> = <sup>F<sub>浮</sub></sup>/<sub>ρ<sub>水</sub> g</sub> = 0.0005m<sup>3</sup>；</li>\n  <li>初始浸入体积 0.00075m<sup>3</sup>，变化量 ΔV = 0.00025m<sup>3</sup>，容器横截面积未知，若为柱形容器且底面积 S，则 Δh = <sup>ΔV</sup>/<sub>S</sub>。</li>\n</ol>','2025-05-26 00:36:42'),(108,'easy','浮力与液体压强综合模型','<p>如图甲所示，水平桌面上放置一底面积为6×10<sup>-3</sup>m<sup>2的</sup>柱形容器，容器内装有0.15m深的水，电子测力计下悬挂一个底面积为5×10<sup>-3</sup>m<sup>2</sup>，高为0.1m的圆柱体。将圆柱体从水面上方缓慢浸入水中，浸入过程中圆柱体不发生倾斜，电子测力计示数F与圆柱体下降高度的关系如图乙所示（ρ<sub>水</sub>=1.0×10<sup>3</sup>kg/m<sup>3</sup></p><ol><li>圆柱体的密度；</li><li>当电子测力计的示数为1N时，圆柱体受到的浮力；</li><li>当电子测力计的示数恰好为0时，圆柱体底部受到水的压强。</li></ol>','image/5.2.jpg','<ol>\n    <li>\n        ρ<sub>柱</sub>=m/V=G/(gV)=4/(10×0.0005)=0.8×10<sup>3</sup>kg/m<sup>3</sup><br>（由图乙可知：G=4N，V=5×10<sup>-3</sup>×0.1=0.0005m<sup>3</sup>）</li>\n    <li>\n        F<sub>浮</sub>=G-F=4-1=3N\n    </li>\n    <li>先判断浮沉情况：<br>若全部浸入水中F<sub>浮</sub>=ρ<sub>液</sub>gv<sub>排</sub>=5N<br>由F浮&gt;G，则物体处于漂浮状态。<br>\n        当F=0时，F<sub>浮</sub>=G=4N，<br>h<sub>浸</sub>=F<sub>浮</sub>/(ρgS)=4/(10<sup>3</sup>×10×5×10<sup>-3</sup>)=0.08m<br>p=ρgh=10<sup>3</sup>×10×0.08=800Pa</li>\n</ol>','2025-05-26 01:27:00'),(109,'easy','浮力与液体压强综合模型','<p>如图甲所示，水平桌面上放置一柱形容器，容器内装有0.15m深的水，电子测力计下悬挂一个底面积为5×10<sup>-3</sup>m<sup>2</sup>，高为0.1m的圆柱体。将圆柱体从水面上方缓慢浸入水中，浸入过程中圆柱体不发生倾斜，电子测力计示数F与圆柱体下降高度的关系如图20乙所示（ρ<sub>水</sub>=1.0×10<sup>3</sup>kg/m<sup>3</sup>\n\n    <ol>\n      <li>圆柱体浸入水前，测力计示数是多少？</li>\n      <li>浸入0.05m时，排开水的体积是多少？</li>\n      <li>此时浮力多大？</li>\n    </ol>','image/5.2.jpg','<ol>\n    <li>F=G=4N</li>\n    <li>V<sub>排</sub>=S×h=5×10<sup>-3</sup>×0.05=0.00025m<sup>3</sup></li>\n    <li>F<sub>浮</sub>=ρgV<sub>排</sub>=10<sup>3</sup>×10×0.00025=2.5N</li>\n</ol>','2025-05-26 01:27:35'),(110,'easy','浮力与液体压强综合模型','<p>如图甲所示，水平桌面上放置一柱形容器，容器内装有0.15m深的水，电子测力计下悬挂一个底面积为5×10<sup>-3</sup>m<sup>2</sup>，高为0.1m的圆柱体。将圆柱体从水面上方缓慢浸入水中，浸入过程中圆柱体不发生倾斜，电子测力计示数F与圆柱体下降高度的关系如图20乙所示（ρ<sub>水</sub>=1.0×10<sup>3</sup>kg/m<sup>3</sup>\n\n      <li>圆柱体的质量是多少？</li>\n      <li>浸没后浮力是否变化？为什么？</li>\n      <li>圆柱体密度公式是什么？</li>\n    </ol>\n  ','image/5.2.jpg','<ol>\n    <li>m=G/g=4/10=0.4kg</li>\n    <li>浸没后浮力不变，因为V<sub>排</sub>不再变化</li>\n    <li>ρ=m/V=G/(gV)</li>\n</ol>','2025-05-26 01:28:44'),(111,'easy','浮力与液体压强综合模型','<p>如图甲所示，水平桌面上放置一底面积为6×10<sup>-3</sup>m<sup>2</sup>的柱形容器，容器内装有0.15m深的水，电子测力计下悬挂一个底面积为5×10<sup>-3</sup>m<sup>2</sup>，高为0.1m的圆柱体。将圆柱体从水面上方缓慢浸入水中，浸入过程中圆柱体不发生倾斜，电子测力计示数F与圆柱体下降高度的关系如图乙所示（ρ<sub>水</sub>=1.0×10<sup>3</sup>kg/m<sup>3</sup>）</p><ol>\n      <li>放入物体之前，水对容器底部的压强？</li>\n      <li>圆柱体完全浸没时，水面上升多少？</li>\n      <li>测力计示数为0时，浮力与重力关系？</li>\n    </ol>','image/5.2.jpg','<ol>\n    <li>p=ρgh</li>\n    <li>Δh=V<sub>柱</sub>/S<sub>容</sub>=0.0005/S<sub>容</sub>=0.08m</li>\n    <li>先判断浮沉情况：<br>若全部浸入水中F<sub>浮</sub>=ρ<sub>液</sub>gv<sub>排</sub>=5N<br>由F浮&gt;G，则物体处于漂浮状态。<br>当F=0时，F<sub>浮</sub>=G=4N，<br>h<sub>浸</sub>=F<sub>浮</sub>/(ρgS)=4/(10<sup>3</sup>×10×5×10<sup>-3</sup>)=0.08m<br>p=ρgh=10<sup>3</sup>×10×0.08=800Pa</li>\n</ol>','2025-05-26 01:28:56'),(112,'easy','浮力与液体压强综合模型','   <p>如图甲所示，水平桌面上放置一底面积为6×10<sup>-3</sup>m<sup>2</sup>的柱形容器，容器内装有0.15m深的水，电子测力计下悬挂一个底面积为5×10<sup>-3</sup>m<sup>2</sup>，高为0.1m的圆柱体。将圆柱体从水面上方缓慢浸入水中，浸入过程中圆柱体不发生倾斜，电子测力计示数F与圆柱体下降高度的关系如图20乙所示（ρ<sub>水</sub>=1.0×10<sup>3</sup>kg/m<sup>3</sup>，g取10N/kg）。求：</p> <ol>\n      <li>水对容器底部的压强公式？</li>\n      <li>圆柱体完全浸没时，水面上升多少？</li>\n      <li>测力计示数为0时，浮力与重力关系？</li>\n    </ol>','image/5.2.jpg','<ol>\n    <li>p=ρ<sub>水</sub>gh</li>\n    <li>Δh=V<sub>柱</sub>/S<sub>容</sub>=(5×10<sup>-3</sup>×0.1)/S<sub>容</sub>=0.0005/S<sub>容</sub>≈0.08m</li>\n    <li>完全浸没在水中时，物体受浮力大小：<br>F<sub>浮</sub>=ρ<sub>液</sub>gv<sub>排</sub>=5N；物体重里G=4N；<br>由F<sub>浮</sub>&gt;G,则物体处于漂浮状态，<br>F<sub>浮</sub>=G=4N</li>\n</ol>','2025-05-26 01:29:06'),(113,'easy','浮力与液体压强综合模型','   <p>如图甲所示，水平桌面上放置一柱形容器，容器内装有0.15m深的水，电子测力计下悬挂一个底面积为5×10<sup>-3</sup>m<sup>2</sup>，高为0.1m的圆柱体。将圆柱体从水面上方缓慢浸入水中，浸入过程中圆柱体不发生倾斜，电子测力计示数F与圆柱体下降高度的关系如图20乙所示（ρ<sub>水</sub>=1.0×10<sup>3</sup>kg/m<sup>3</sup>\n\n\n    <ol>\n      <li>浮力方向？</li>\n      <li>测力计示数减小的原因？</li>\n      <li>圆柱体受几个力作用？</li>\n    </ol>','image/5.2.jpg','<ol>\n    <li>竖直向上</li>\n    <li>浮力增大导致拉力减小</li>\n    <li>3个力（重力、拉力、浮力）</li>\n</ol>','2025-05-26 01:29:16'),(114,'medium','浮力与液体压强综合模型','   <p>如图甲所示，水平桌面上放置一柱形容器，容器内装有0.15m深的水，电子测力计下悬挂一个底面积为5×10<sup>-3</sup>m<sup>2</sup>，高为0.1m的圆柱体。将圆柱体从水面上方缓慢浸入水中，浸入过程中圆柱体不发生倾斜，电子测力计示数F与圆柱体下降高度的关系如图20乙所示（ρ<sub>水</sub>=1.0×10<sup>3</sup>kg/m<sup>3</sup>\n\n      <li>圆柱体密度是多少？</li>\n      <li>当F=1N时，浮力多大？</li>\n      <li>此时浸入深度是多少？</li>\n    </ol>','image/5.2.jpg','<ol>\n    <li>ρ=4/(10×5×10<sup>-4</sup>)=0.8×10<sup>3</sup>kg/m<sup>3</sup></li>\n    <li>F<sub>浮</sub>=4-1=3N</li>\n    <li>h=3/(10<sup>3</sup>×10×5×10<sup>-3</sup>)=0.06m</li>\n</ol>','2025-05-26 01:29:30'),(115,'medium','浮力与液体压强综合模型','   <p>如图甲所示，水平桌面上放置一柱形容器，容器内装有0.15m深的水，电子测力计下悬挂一个底面积为5×10<sup>-3</sup>m<sup>2</sup>，高为0.1m的圆柱体。将圆柱体从水面上方缓慢浸入水中，浸入过程中圆柱体不发生倾斜，电子测力计示数F与圆柱体下降高度的关系如图20乙所示（ρ<sub>水</sub>=1.0×10<sup>3</sup>kg/m<sup>3</sup>\n\n    <ol>\n      <li>若容器底面积2×10<sup>-2</sup>m<sup>2</sup>，圆柱体浸没后水面高度？</li>\n      <li>水对容器底部的压强增加了多少？</li>\n      <li>测力计示数为0时，圆柱体底部受水的压强？</li>\n    </ol>','image/5.2.jpg','<ol>\n    <li>h=0.15+0.0005/0.02=0.175m</li>\n    <li>Δp=ρgΔh=10<sup>3</sup>×10×0.025=250Pa</li>\n    <li>p=ρgh=10<sup>3</sup>×10×0.08=800Pa</li>\n</ol>','2025-05-26 01:29:42'),(116,'medium','浮力与液体压强综合模型','   <p>如图甲所示，水平桌面上放置一柱形容器，容器内装有0.15m深的水，电子测力计下悬挂一个底面积为5×10<sup>-3</sup>m<sup>2</sup>，高为0.1m的圆柱体。将圆柱体从水面上方缓慢浸入水中，浸入过程中圆柱体不发生倾斜，电子测力计示数F与圆柱体下降高度的关系如图20乙所示（ρ<sub>水</sub>=1.0×10<sup>3</sup>kg/m<sup>3</sup></p>\n<ol>\n\n      <li>圆柱体从接触水面到浸没，浮力如何变化？</li>\n      <li>若圆柱体密度减半，测力计示数为0时浸入深度？</li>\n      <li>若改用酒精（ρ=0.8×10<sup>3</sup>kg/m<sup>3</sup>），完全浸没时F多大？</li>\n    </ol>','image/5.2.jpg','<ol>\n    <li>浮力随浸入体积线性增大，浸没后保持不变</li>\n    <li>h=4/(0.4×10<sup>3</sup>×10×5×10<sup>-3</sup>)=0.2m（超过高度，实际浸入0.1m）</li>\n    <li>F<sub>浮</sub>=0.8×10<sup>3</sup>×10×0.0005=4N</li>\n</ol>','2025-05-26 01:29:56'),(117,'medium','浮力与液体压强综合模型','   <p>如图甲所示，水平桌面上放置一柱形容器，容器内装有0.15m深的水，电子测力计下悬挂一个底面积为5×10<sup>-3</sup>m<sup>2</sup>，高为0.1m的圆柱体。将圆柱体从水面上方缓慢浸入水中，浸入过程中圆柱体不发生倾斜，电子测力计示数F与圆柱体下降高度的关系如图20乙所示（ρ<sub>水</sub>=1.0×10<sup>3</sup>kg/m<sup>3</sup></p>\n<ol>\n      <li>圆柱体浸入一半高度时，测力计示数？</li>\n      <li>若容器足够高，圆柱体自由漂浮时的浸入深度？</li>\n      <li>漂浮时水对圆柱体底部的压力？</li>\n    </ol>','image/5.2.jpg','<ol>\n    <li>F=G-F<sub>浮</sub>=4-2.5=1.5N</li>\n    <li>h=4/(10<sup>3</sup>×10×5×10<sup>-3</sup>)=0.08m</li>\n    <li>F=F<sub>浮</sub>=4N</li>\n</ol>','2025-05-26 01:30:06'),(119,'medium','浮力与液体压强综合模型','    <p>如图甲所示，水平桌面上放置一底面积为6×10<sup>-3</sup>m<sup>2</sup>的柱形容器，容器内装有0.15m深的水，电子测力计下悬挂一个底面积为5×10<sup>-3</sup>m<sup>2</sup>，高为0.1m的圆柱体。将圆柱体从水面上方缓慢浸入水中，浸入过程中圆柱体不发生倾斜，电子测力计示数F与圆柱体下降高度的关系如图20乙所示（ρ<sub>水</sub>=1.0×10<sup>3</sup>kg/m<sup>3</sup>，g取10N/kg）。求：</p><ol>\n      <li>若圆柱体底部贴容器底（无拉力），水对底部的压力？</li>\n      <li>将圆柱体换成等体积铁块，测力计示数变化？</li>\n      <li>若缓慢注入水而非浸入圆柱体，测力计示数如何变化？</li>\n    </ol>','image/5.2.jpg','<ol>\n    <li>F=G-F<sub>浮</sub>=4-5=-1N（实际为支持力1N）</li>\n    <li>F\'=G<sub>铁</sub>-F<sub>浮</sub>=39.5-5=34.5N（铁块G=ρ<sub>铁</sub>gV=7.9×10<sup>3</sup>×10×0.0005=39.5N）</li>\n    <li>测力计示数不变（圆柱体浸入深度不变）</li>\n</ol>','2025-05-26 01:30:28'),(129,'easy','1','1','image/1.jpg','1','2025-05-29 00:17:47');
/*!40000 ALTER TABLE `questions` ENABLE KEYS */;

#
# Structure for table "student_records"
#

DROP TABLE IF EXISTS `student_records`;
CREATE TABLE `student_records` (
  `record_id` int(11) NOT NULL AUTO_INCREMENT,
  `student_id` int(11) DEFAULT NULL,
  `question_id` int(11) DEFAULT NULL,
  `performance_score` text COLLATE utf8_unicode_ci,
  `performance_image_path` varchar(255) COLLATE utf8_unicode_ci DEFAULT NULL,
  `student_feedback` text COLLATE utf8_unicode_ci,
  `create_at` timestamp NULL DEFAULT CURRENT_TIMESTAMP,
  PRIMARY KEY (`record_id`),
  KEY `student_id` (`student_id`),
  KEY `question_id` (`question_id`)
) ENGINE=MyISAM AUTO_INCREMENT=572 DEFAULT CHARSET=utf8 COLLATE=utf8_unicode_ci;

#
# Data for table "student_records"
#

/*!40000 ALTER TABLE `student_records` DISABLE KEYS */;
INSERT INTO `student_records` VALUES (1,57,63,'','','','2025-05-27 10:51:51'),(2,57,108,'','','','2025-05-27 10:51:51'),(3,18,63,'','','','2025-05-27 10:51:51'),(4,18,112,'','','','2025-05-27 10:51:51'),(5,19,63,'','','','2025-05-27 10:51:51'),(6,19,110,'','','','2025-05-27 10:51:51'),(7,10,63,'','','','2025-05-27 10:51:51'),(8,10,111,'','','','2025-05-27 10:51:51'),(9,55,63,'','','','2025-05-27 10:51:51'),(10,55,92,'','','','2025-05-27 10:51:51'),(11,23,63,'','','','2025-05-27 10:51:51'),(12,23,90,'','','','2025-05-27 10:51:51'),(13,7,63,'','','','2025-05-27 10:51:51'),(14,7,112,'','','','2025-05-27 10:51:51'),(15,48,63,'','','','2025-05-27 10:51:51'),(16,48,109,'','','','2025-05-27 10:51:51'),(17,3,63,'','','','2025-05-27 10:51:51'),(18,3,113,'','','','2025-05-27 10:51:51'),(19,53,63,'','','','2025-05-27 10:51:51'),(20,53,92,'','','','2025-05-27 10:51:51'),(21,8,63,'','','','2025-05-27 10:51:51'),(22,8,109,'','','','2025-05-27 10:51:51'),(23,28,63,'','','','2025-05-27 10:51:51'),(24,28,91,'','','','2025-05-27 10:51:51'),(25,14,63,'','','','2025-05-27 10:51:51'),(26,14,96,'','','','2025-05-27 10:51:51'),(27,1,63,'','','','2025-05-27 10:51:51'),(28,1,95,'','','','2025-05-27 10:51:51'),(29,52,63,'','','','2025-05-27 10:51:51'),(30,52,111,'','','','2025-05-27 10:51:51'),(31,51,63,'','','','2025-05-27 10:53:08'),(32,51,113,'','','','2025-05-27 10:53:08'),(33,29,63,'','','','2025-05-27 10:53:08'),(34,29,97,'','','','2025-05-27 10:53:08'),(35,49,63,'','','','2025-05-27 10:53:08'),(36,49,96,'','','','2025-05-27 10:53:08'),(37,33,63,'','','','2025-05-27 10:53:08'),(38,33,97,'','','','2025-05-27 10:53:08'),(39,58,63,'','','','2025-05-27 10:53:08'),(40,58,89,'','','','2025-05-27 10:53:08'),(41,36,63,'','','','2025-05-27 10:53:08'),(42,36,110,'','','','2025-05-27 10:53:08'),(43,21,63,'','','','2025-05-27 10:53:08'),(44,21,109,'','','','2025-05-27 10:53:08'),(45,56,63,'','','','2025-05-27 10:53:08'),(46,56,95,'','','','2025-05-27 10:53:08'),(47,20,63,'','','','2025-05-27 10:53:57'),(48,20,110,'','','','2025-05-27 10:53:57'),(49,32,63,'','','','2025-05-27 10:53:57'),(50,32,113,'','','','2025-05-27 10:53:57'),(51,16,63,'','','','2025-05-27 10:53:57'),(52,16,109,'','','','2025-05-27 10:53:57'),(53,59,63,'','','','2025-05-27 10:53:57'),(54,59,109,'','','','2025-05-27 10:53:57'),(55,5,63,'','','','2025-05-27 10:53:57'),(56,5,109,'','','','2025-05-27 10:53:57'),(57,40,69,'','','','2025-05-27 10:54:27'),(58,40,88,'','','','2025-05-27 10:54:27'),(59,17,71,'','','','2025-05-27 10:54:27'),(60,17,108,'','','','2025-05-27 10:54:27'),(61,4,76,'','','','2025-05-27 10:54:27'),(62,4,112,'','','','2025-05-27 10:54:27'),(63,35,66,'','','','2025-05-27 10:54:27'),(64,35,96,'','','','2025-05-27 10:54:27'),(65,45,66,'','','','2025-05-27 10:54:27'),(66,45,112,'','','','2025-05-27 10:54:27'),(67,15,77,'','','','2025-05-27 10:54:27'),(68,15,110,'','','','2025-05-27 10:54:27'),(69,42,77,'','','','2025-05-27 10:54:28'),(70,42,110,'','','','2025-05-27 10:54:28'),(71,26,71,'','','','2025-05-27 10:54:28'),(72,26,112,'','','','2025-05-27 10:54:28'),(73,44,77,'','','','2025-05-27 10:54:28'),(74,44,91,'','','','2025-05-27 10:54:28'),(75,6,66,'','','','2025-05-27 10:54:28'),(76,6,109,'','','','2025-05-27 10:54:28'),(77,2,71,'','','','2025-05-27 10:54:28'),(78,2,88,'','','','2025-05-27 10:54:28'),(79,54,76,'','','','2025-05-27 10:54:28'),(80,54,113,'','','','2025-05-27 10:54:28'),(81,38,69,'','','','2025-05-27 10:54:28'),(82,38,112,'','','','2025-05-27 10:54:28'),(83,9,69,'','','','2025-05-27 10:54:28'),(84,9,111,'','','','2025-05-27 10:54:28'),(85,39,67,'','','','2025-05-27 10:54:28'),(86,39,93,'','','','2025-05-27 10:54:28'),(87,30,67,'','','','2025-05-27 10:54:28'),(88,30,91,'','','','2025-05-27 10:54:28'),(89,50,77,'','','','2025-05-27 10:54:28'),(90,50,113,'','','','2025-05-27 10:54:28'),(91,22,75,'','','','2025-05-27 10:54:28'),(92,22,92,'','','','2025-05-27 10:54:28'),(93,34,72,'','','','2025-05-27 10:54:28'),(94,34,108,'','','','2025-05-27 10:54:28'),(95,27,66,'','','','2025-05-27 10:54:28'),(96,27,94,'','','','2025-05-27 10:54:28'),(97,46,70,'','','','2025-05-27 10:54:28'),(98,46,90,'','','','2025-05-27 10:54:28'),(99,13,70,'','','','2025-05-27 10:54:28'),(100,13,92,'','','','2025-05-27 10:54:28'),(101,31,68,'','','','2025-05-27 10:54:28'),(102,31,95,'','','','2025-05-27 10:54:28'),(103,11,70,'','','','2025-05-27 10:54:28'),(104,11,91,'','','','2025-05-27 10:54:28'),(105,24,71,'','','','2025-05-27 10:54:28'),(106,24,95,'','','','2025-05-27 10:54:28'),(107,37,65,'','','','2025-05-27 10:54:28'),(108,37,96,'','','','2025-05-27 10:54:28'),(109,41,67,'','','','2025-05-27 10:54:28'),(110,41,113,'','','','2025-05-27 10:54:28'),(111,43,65,'','','','2025-05-27 10:54:28'),(112,43,89,'','','','2025-05-27 10:54:28'),(113,12,71,'','','','2025-05-27 10:54:28'),(114,12,93,'','','','2025-05-27 10:54:28'),(115,25,65,'','','','2025-05-27 10:54:28'),(116,25,109,'','','','2025-05-27 10:54:28'),(117,57,56,'','','','2025-05-24 12:58:27'),(118,57,16,'','','','2025-05-24 12:58:27'),(119,57,21,'','','','2025-05-24 12:58:27'),(120,57,31,'','','','2025-05-24 12:58:27'),(121,51,56,'','','','2025-05-24 12:58:27'),(122,51,1,'','','','2025-05-24 12:58:27'),(123,51,19,'','','','2025-05-24 12:58:27'),(124,51,27,'','','','2025-05-24 12:58:27'),(125,18,56,'','','','2025-05-24 12:58:27'),(126,18,15,'','','','2025-05-24 12:58:27'),(127,18,19,'','','','2025-05-24 12:58:27'),(128,18,31,'','','','2025-05-24 12:58:27'),(129,26,56,'','','','2025-05-24 12:58:27'),(130,26,10,'','','','2025-05-24 12:58:27'),(131,26,18,'','','','2025-05-24 12:58:27'),(132,26,27,'','','','2025-05-24 12:58:27'),(133,19,44,'','','','2025-05-24 12:58:27'),(134,19,15,'','','','2025-05-24 12:58:27'),(135,19,20,'','','','2025-05-24 12:58:27'),(136,19,35,'','','','2025-05-24 12:58:27'),(137,10,42,'','','','2025-05-24 12:58:27'),(138,10,1,'','','','2025-05-24 12:58:27'),(139,10,20,'','','','2025-05-24 12:58:27'),(140,10,30,'','','','2025-05-24 12:58:27'),(141,55,43,'','','','2025-05-24 12:58:27'),(142,55,16,'','','','2025-05-24 12:58:27'),(143,55,22,'','','','2025-05-24 12:58:27'),(144,55,35,'','','','2025-05-24 12:58:27'),(145,59,57,'','','','2025-05-24 12:58:27'),(146,59,9,'','','','2025-05-24 12:58:27'),(147,59,23,'','','','2025-05-24 12:58:27'),(148,59,27,'','','','2025-05-24 12:58:27'),(149,56,50,'','','','2025-05-24 12:58:27'),(150,56,4,'','','','2025-05-24 12:58:27'),(151,56,23,'','','','2025-05-24 12:58:27'),(152,56,30,'','','','2025-05-24 12:58:27'),(153,23,50,'','','','2025-05-24 12:58:27'),(154,23,16,'','','','2025-05-24 12:58:27'),(155,23,20,'','','','2025-05-24 12:58:27'),(156,23,30,'','','','2025-05-24 12:58:27'),(157,16,56,'','','','2025-05-24 12:58:27'),(158,16,15,'','','','2025-05-24 12:58:27'),(159,16,18,'','','','2025-05-24 12:58:27'),(160,16,35,'','','','2025-05-24 12:58:27'),(161,7,43,'','','','2025-05-24 12:58:27'),(162,7,9,'','','','2025-05-24 12:58:27'),(163,7,21,'','','','2025-05-24 12:58:27'),(164,7,31,'','','','2025-05-24 12:58:27'),(165,3,58,'','','','2025-05-24 12:58:27'),(166,3,10,'','','','2025-05-24 12:58:27'),(167,3,21,'','','','2025-05-24 12:58:27'),(168,3,27,'','','','2025-05-24 12:58:27'),(169,48,57,'','','','2025-05-24 12:58:27'),(170,48,4,'','','','2025-05-24 12:58:27'),(171,48,18,'','','','2025-05-24 12:58:27'),(172,48,30,'','','','2025-05-24 12:58:27'),(173,32,43,'','','','2025-05-24 12:58:27'),(174,32,10,'','','','2025-05-24 12:58:27'),(175,32,20,'','','','2025-05-24 12:58:27'),(176,32,30,'','','','2025-05-24 12:58:27'),(177,14,51,'','','','2025-05-24 12:58:27'),(178,14,7,'','','','2025-05-24 12:58:27'),(179,14,23,'','','','2025-05-24 12:58:27'),(180,14,30,'','','','2025-05-24 12:58:27'),(181,49,43,'','','','2025-05-24 12:58:27'),(182,49,3,'','','','2025-05-24 12:58:27'),(183,49,18,'','','','2025-05-24 12:58:27'),(184,49,27,'','','','2025-05-24 12:58:27'),(185,1,58,'','','','2025-05-24 12:58:27'),(186,1,4,'','','','2025-05-24 12:58:27'),(187,1,20,'','','','2025-05-24 12:58:27'),(188,1,35,'','','','2025-05-24 12:58:27'),(189,53,58,'','','','2025-05-24 12:58:27'),(190,53,1,'','','','2025-05-24 12:58:27'),(191,53,22,'','','','2025-05-24 12:58:27'),(192,53,32,'','','','2025-05-24 12:58:27'),(193,21,43,'','','','2025-05-24 12:58:27'),(194,21,15,'','','','2025-05-24 12:58:27'),(195,21,21,'','','','2025-05-24 12:58:27'),(196,21,32,'','','','2025-05-24 12:58:27'),(197,28,49,'','','','2025-05-24 12:58:27'),(198,28,17,'','','','2025-05-24 12:58:27'),(199,28,20,'','','','2025-05-24 12:58:27'),(200,28,27,'','','','2025-05-24 12:58:27'),(201,8,50,'','','','2025-05-24 12:58:27'),(202,8,10,'','','','2025-05-24 12:58:27'),(203,8,23,'','','','2025-05-24 12:58:27'),(204,8,27,'','','','2025-05-24 12:58:27'),(205,52,57,'','','','2025-05-24 12:58:27'),(206,52,7,'','','','2025-05-24 12:58:27'),(207,52,21,'','','','2025-05-24 12:58:27'),(208,52,32,'','','','2025-05-24 12:58:27'),(209,29,57,'','','','2025-05-24 12:58:27'),(210,29,2,'','','','2025-05-24 12:58:27'),(211,29,19,'','','','2025-05-24 12:58:27'),(212,29,27,'','','','2025-05-24 12:58:27'),(213,20,62,'','','','2025-05-24 13:00:28'),(214,20,17,'','','','2025-05-24 13:00:28'),(215,20,22,'','','','2025-05-24 13:00:28'),(216,20,32,'','','','2025-05-24 13:00:28'),(217,50,52,'','','','2025-05-24 13:00:28'),(218,50,3,'','','','2025-05-24 13:00:28'),(219,50,23,'','','','2025-05-24 13:00:28'),(220,50,31,'','','','2025-05-24 13:00:28'),(221,33,48,'','','','2025-05-24 13:00:28'),(222,33,17,'','','','2025-05-24 13:00:28'),(223,33,22,'','','','2025-05-24 13:00:28'),(224,33,27,'','','','2025-05-24 13:00:28'),(225,25,60,'','','','2025-05-24 13:00:28'),(226,25,16,'','','','2025-05-24 13:00:28'),(227,25,20,'','','','2025-05-24 13:00:28'),(228,25,33,'','','','2025-05-24 13:00:28'),(229,17,46,'','','','2025-05-24 13:00:28'),(230,17,16,'','','','2025-05-24 13:00:28'),(231,17,23,'','','','2025-05-24 13:00:28'),(232,17,30,'','','','2025-05-24 13:00:28'),(233,5,47,'','','','2025-05-24 13:00:28'),(234,5,16,'','','','2025-05-24 13:00:28'),(235,5,20,'','','','2025-05-24 13:00:28'),(236,5,27,'','','','2025-05-24 13:00:28'),(237,12,62,'','','','2025-05-24 13:00:28'),(238,12,17,'','','','2025-05-24 13:00:28'),(239,12,19,'','','','2025-05-24 13:00:28'),(240,12,32,'','','','2025-05-24 13:00:28'),(241,34,53,'','','','2025-05-24 13:00:28'),(242,34,10,'','','','2025-05-24 13:00:28'),(243,34,22,'','','','2025-05-24 13:00:28'),(244,34,31,'','','','2025-05-24 13:00:28'),(245,35,46,'','','','2025-05-24 13:00:28'),(246,35,9,'','','','2025-05-24 13:00:28'),(247,35,20,'','','','2025-05-24 13:00:28'),(248,35,27,'','','','2025-05-24 13:00:28'),(249,43,52,'','','','2025-05-24 13:00:28'),(250,43,8,'','','','2025-05-24 13:00:28'),(251,43,20,'','','','2025-05-24 13:00:28'),(252,43,27,'','','','2025-05-24 13:00:28'),(253,27,54,'','','','2025-05-24 13:00:28'),(254,27,3,'','','','2025-05-24 13:00:28'),(255,27,23,'','','','2025-05-24 13:00:28'),(256,27,27,'','','','2025-05-24 13:00:28'),(257,54,55,'','','','2025-05-24 13:00:29'),(258,54,7,'','','','2025-05-24 13:00:29'),(259,54,23,'','','','2025-05-24 13:00:29'),(260,54,27,'','','','2025-05-24 13:00:29'),(261,45,48,'','','','2025-05-24 13:00:29'),(262,45,3,'','','','2025-05-24 13:00:29'),(263,45,19,'','','','2025-05-24 13:00:29'),(264,45,32,'','','','2025-05-24 13:00:29'),(265,46,55,'','','','2025-05-24 13:00:29'),(266,46,9,'','','','2025-05-24 13:00:29'),(267,46,23,'','','','2025-05-24 13:00:29'),(268,46,33,'','','','2025-05-24 13:00:29'),(269,31,52,'','','','2025-05-24 13:00:29'),(270,31,16,'','','','2025-05-24 13:00:29'),(271,31,18,'','','','2025-05-24 13:00:29'),(272,31,31,'','','','2025-05-24 13:00:29'),(273,11,53,'','','','2025-05-24 13:00:29'),(274,11,4,'','','','2025-05-24 13:00:29'),(275,11,20,'','','','2025-05-24 13:00:29'),(276,11,27,'','','','2025-05-24 13:00:29'),(277,58,58,'','','','2025-05-24 13:00:54'),(278,58,1,'','','','2025-05-24 13:00:54'),(279,58,19,'','','','2025-05-24 13:00:54'),(280,58,27,'','','','2025-05-24 13:00:54'),(281,36,50,'','','','2025-05-24 13:00:54'),(282,36,9,'','','','2025-05-24 13:00:54'),(283,36,22,'','','','2025-05-24 13:00:54'),(284,36,27,'','','','2025-05-24 13:00:54'),(285,44,47,'','','','2025-05-24 13:02:23'),(286,44,12,'','','','2025-05-24 13:02:23'),(287,44,19,'','','','2025-05-24 13:02:23'),(288,44,33,'','','','2025-05-24 13:02:23'),(289,42,60,'','','','2025-05-24 13:02:23'),(290,42,12,'','','','2025-05-24 13:02:23'),(291,42,22,'','','','2025-05-24 13:02:23'),(292,42,30,'','','','2025-05-24 13:02:23'),(293,38,46,'','','','2025-05-24 13:02:23'),(294,38,14,'','','','2025-05-24 13:02:23'),(295,38,18,'','','','2025-05-24 13:02:23'),(296,38,30,'','','','2025-05-24 13:02:23'),(297,41,45,'','','','2025-05-24 13:02:23'),(298,41,14,'','','','2025-05-24 13:02:23'),(299,41,18,'','','','2025-05-24 13:02:23'),(300,41,31,'','','','2025-05-24 13:02:23'),(301,40,52,'','','','2025-05-24 13:02:52'),(302,40,13,'','','','2025-05-24 13:02:52'),(303,40,22,'','','','2025-05-24 13:02:52'),(304,40,28,'','','','2025-05-24 13:02:52'),(305,39,45,'','','','2025-05-24 13:02:52'),(306,39,11,'','','','2025-05-24 13:02:52'),(307,39,22,'','','','2025-05-24 13:02:52'),(308,39,34,'','','','2025-05-24 13:02:52'),(309,4,46,'','','','2025-05-24 13:02:52'),(310,4,6,'','','','2025-05-24 13:02:52'),(311,4,20,'','','','2025-05-24 13:02:52'),(312,4,29,'','','','2025-05-24 13:02:52'),(313,37,46,'','','','2025-05-24 13:02:52'),(314,37,13,'','','','2025-05-24 13:02:52'),(315,37,22,'','','','2025-05-24 13:02:52'),(316,37,34,'','','','2025-05-24 13:02:52'),(317,2,52,'','','','2025-05-24 13:02:52'),(318,2,12,'','','','2025-05-24 13:02:52'),(319,2,19,'','','','2025-05-24 13:02:52'),(320,2,28,'','','','2025-05-24 13:02:52'),(321,24,60,'','','','2025-05-24 13:02:52'),(322,24,14,'','','','2025-05-24 13:02:52'),(323,24,19,'','','','2025-05-24 13:02:52'),(324,24,29,'','','','2025-05-24 13:02:52'),(325,6,60,'','','','2025-05-24 13:02:52'),(326,6,13,'','','','2025-05-24 13:02:52'),(327,6,18,'','','','2025-05-24 13:02:52'),(328,6,29,'','','','2025-05-24 13:02:52'),(329,15,59,'','','','2025-05-24 13:02:52'),(330,15,6,'','','','2025-05-24 13:02:52'),(331,15,19,'','','','2025-05-24 13:02:52'),(332,15,34,'','','','2025-05-24 13:02:52'),(333,9,55,'','','','2025-05-24 13:02:52'),(334,9,6,'','','','2025-05-24 13:02:52'),(335,9,21,'','','','2025-05-24 13:02:52'),(336,9,34,'','','','2025-05-24 13:02:52'),(337,22,59,'','','','2025-05-24 13:02:52'),(338,22,12,'','','','2025-05-24 13:02:52'),(339,22,22,'','','','2025-05-24 13:02:52'),(340,22,28,'','','','2025-05-24 13:02:52'),(341,30,54,'','','','2025-05-24 13:02:52'),(342,30,13,'','','','2025-05-24 13:02:52'),(343,30,21,'','','','2025-05-24 13:02:52'),(344,30,34,'','','','2025-05-24 13:02:52'),(345,13,54,'','','','2025-05-24 13:03:07'),(346,13,2,'','','','2025-05-24 13:03:07'),(347,13,20,'','','','2025-05-24 13:03:07'),(348,13,27,'','','','2025-05-24 13:03:07'),(349,57,90,NULL,NULL,NULL,'2025-05-28 16:04:41'),(350,57,22,NULL,NULL,NULL,'2025-05-28 16:04:41'),(351,18,90,NULL,NULL,NULL,'2025-05-28 16:04:41'),(352,18,22,NULL,NULL,NULL,'2025-05-28 16:04:41'),(353,19,112,NULL,NULL,NULL,'2025-05-28 16:04:41'),(354,19,19,NULL,NULL,NULL,'2025-05-28 16:04:41'),(355,56,111,NULL,NULL,NULL,'2025-05-28 16:04:41'),(356,56,20,NULL,NULL,NULL,'2025-05-28 16:04:41'),(357,7,108,NULL,NULL,NULL,'2025-05-28 16:04:41'),(358,7,20,NULL,NULL,NULL,'2025-05-28 16:04:41'),(359,23,110,NULL,NULL,NULL,'2025-05-28 16:04:41'),(360,23,22,NULL,NULL,NULL,'2025-05-28 16:04:41'),(361,1,91,NULL,NULL,NULL,'2025-05-28 16:04:41'),(362,1,18,NULL,NULL,NULL,'2025-05-28 16:04:41'),(363,14,91,NULL,NULL,NULL,'2025-05-28 16:04:41'),(364,14,18,NULL,NULL,NULL,'2025-05-28 16:04:41'),(365,49,88,NULL,NULL,NULL,'2025-05-28 16:04:41'),(366,49,19,NULL,NULL,NULL,'2025-05-28 16:04:41'),(367,53,96,NULL,NULL,NULL,'2025-05-28 16:04:41'),(368,53,21,NULL,NULL,NULL,'2025-05-28 16:04:41'),(369,20,73,NULL,NULL,NULL,'2025-05-28 16:05:43'),(370,20,97,NULL,NULL,NULL,'2025-05-28 16:05:43'),(371,20,21,NULL,NULL,NULL,'2025-05-28 16:05:43'),(372,52,67,NULL,NULL,NULL,'2025-05-28 16:05:43'),(373,52,97,NULL,NULL,NULL,'2025-05-28 16:05:43'),(374,52,20,NULL,NULL,NULL,'2025-05-28 16:05:43'),(375,8,69,NULL,NULL,NULL,'2025-05-28 16:05:43'),(376,8,93,NULL,NULL,NULL,'2025-05-28 16:05:43'),(377,8,22,NULL,NULL,NULL,'2025-05-28 16:05:43'),(378,28,75,NULL,NULL,NULL,'2025-05-28 16:05:43'),(379,28,89,NULL,NULL,NULL,'2025-05-28 16:05:43'),(380,28,18,NULL,NULL,NULL,'2025-05-28 16:05:43'),(381,5,67,NULL,NULL,NULL,'2025-05-28 16:05:43'),(382,5,93,NULL,NULL,NULL,'2025-05-28 16:05:43'),(383,5,22,NULL,NULL,NULL,'2025-05-28 16:05:43'),(384,35,70,NULL,NULL,NULL,'2025-05-28 16:05:43'),(385,35,109,NULL,NULL,NULL,'2025-05-28 16:05:43'),(386,35,18,NULL,NULL,NULL,'2025-05-28 16:05:43'),(387,32,77,NULL,NULL,NULL,'2025-05-28 16:05:43'),(388,32,92,NULL,NULL,NULL,'2025-05-28 16:05:43'),(389,32,21,NULL,NULL,NULL,'2025-05-28 16:05:43'),(390,59,74,NULL,NULL,NULL,'2025-05-28 16:05:43'),(391,59,91,NULL,NULL,NULL,'2025-05-28 16:05:43'),(392,59,21,NULL,NULL,NULL,'2025-05-28 16:05:43'),(393,26,70,NULL,NULL,NULL,'2025-05-28 16:05:43'),(394,26,92,NULL,NULL,NULL,'2025-05-28 16:05:43'),(395,26,19,NULL,NULL,NULL,'2025-05-28 16:05:43'),(396,2,74,NULL,NULL,NULL,'2025-05-28 16:06:41'),(397,2,93,NULL,NULL,NULL,'2025-05-28 16:06:41'),(398,2,29,NULL,NULL,NULL,'2025-05-28 16:06:41'),(399,39,65,NULL,NULL,NULL,'2025-05-28 16:06:41'),(400,39,110,NULL,NULL,NULL,'2025-05-28 16:06:41'),(401,39,29,NULL,NULL,NULL,'2025-05-28 16:06:41'),(402,4,65,NULL,NULL,NULL,'2025-05-28 16:06:41'),(403,4,95,NULL,NULL,NULL,'2025-05-28 16:06:41'),(404,4,34,NULL,NULL,NULL,'2025-05-28 16:06:41'),(405,22,74,NULL,NULL,NULL,'2025-05-28 16:06:41'),(406,22,109,NULL,NULL,NULL,'2025-05-28 16:06:41'),(407,22,34,NULL,NULL,NULL,'2025-05-28 16:06:41'),(408,9,68,NULL,NULL,NULL,'2025-05-28 16:06:41'),(409,9,109,NULL,NULL,NULL,'2025-05-28 16:06:41'),(410,9,29,NULL,NULL,NULL,'2025-05-28 16:06:41'),(411,30,69,NULL,NULL,NULL,'2025-05-28 16:06:41'),(412,30,112,NULL,NULL,NULL,'2025-05-28 16:06:41'),(413,30,28,NULL,NULL,NULL,'2025-05-28 16:06:41'),(414,15,75,NULL,NULL,NULL,'2025-05-28 16:06:41'),(415,15,96,NULL,NULL,NULL,'2025-05-28 16:06:41'),(416,15,28,NULL,NULL,NULL,'2025-05-28 16:06:41'),(417,37,72,NULL,NULL,NULL,'2025-05-28 16:06:41'),(418,37,95,NULL,NULL,NULL,'2025-05-28 16:06:41'),(419,37,29,NULL,NULL,NULL,'2025-05-28 16:06:41'),(420,6,71,NULL,NULL,NULL,'2025-05-28 16:06:41'),(421,6,108,NULL,NULL,NULL,'2025-05-28 16:06:41'),(422,6,34,NULL,NULL,NULL,'2025-05-28 16:06:41'),(423,41,70,NULL,NULL,NULL,'2025-05-28 16:06:41'),(424,41,112,NULL,NULL,NULL,'2025-05-28 16:06:41'),(425,41,28,NULL,NULL,NULL,'2025-05-28 16:06:41'),(426,24,75,NULL,NULL,NULL,'2025-05-28 16:06:41'),(427,24,111,NULL,NULL,NULL,'2025-05-28 16:06:41'),(428,24,34,NULL,NULL,NULL,'2025-05-28 16:06:41'),(429,40,64,NULL,NULL,NULL,'2025-05-28 16:07:49'),(430,40,109,NULL,NULL,NULL,'2025-05-28 16:07:49'),(431,40,29,NULL,NULL,NULL,'2025-05-28 16:07:49'),(432,50,66,NULL,NULL,NULL,'2025-05-28 16:07:49'),(433,50,111,NULL,NULL,NULL,'2025-05-28 16:07:49'),(434,50,34,NULL,NULL,NULL,'2025-05-28 16:07:49'),(435,17,69,NULL,NULL,NULL,'2025-05-28 16:07:49'),(436,17,97,NULL,NULL,NULL,'2025-05-28 16:07:49'),(437,17,29,NULL,NULL,NULL,'2025-05-28 16:07:49'),(438,38,68,NULL,NULL,NULL,'2025-05-28 16:07:49'),(439,38,93,NULL,NULL,NULL,'2025-05-28 16:07:49'),(440,38,29,NULL,NULL,NULL,'2025-05-28 16:07:49'),(441,42,70,NULL,NULL,NULL,'2025-05-28 16:07:49'),(442,42,112,NULL,NULL,NULL,'2025-05-28 16:07:49'),(443,42,28,NULL,NULL,NULL,'2025-05-28 16:07:49'),(444,44,74,NULL,NULL,NULL,'2025-05-28 16:07:49'),(445,44,112,NULL,NULL,NULL,'2025-05-28 16:07:49'),(446,44,28,NULL,NULL,NULL,'2025-05-28 16:07:49'),(447,51,71,NULL,NULL,NULL,'2025-05-28 16:07:49'),(448,51,94,NULL,NULL,NULL,'2025-05-28 16:07:49'),(449,51,29,NULL,NULL,NULL,'2025-05-28 16:07:49'),(450,31,64,NULL,NULL,NULL,'2025-05-28 16:07:49'),(451,31,109,NULL,NULL,NULL,'2025-05-28 16:07:49'),(452,31,34,NULL,NULL,NULL,'2025-05-28 16:07:49'),(453,13,65,NULL,NULL,NULL,'2025-05-28 16:07:49'),(454,13,90,NULL,NULL,NULL,'2025-05-28 16:07:49'),(455,13,34,NULL,NULL,NULL,'2025-05-28 16:07:49'),(456,27,75,NULL,NULL,NULL,'2025-05-28 16:07:49'),(457,27,96,NULL,NULL,NULL,'2025-05-28 16:07:49'),(458,27,29,NULL,NULL,NULL,'2025-05-28 16:07:49'),(459,11,65,NULL,NULL,NULL,'2025-05-28 16:08:22'),(460,11,113,NULL,NULL,NULL,'2025-05-28 16:08:22'),(461,11,28,NULL,NULL,NULL,'2025-05-28 16:08:22'),(462,45,70,NULL,NULL,NULL,'2025-05-28 16:08:22'),(463,45,108,NULL,NULL,NULL,'2025-05-28 16:08:22'),(464,45,29,NULL,NULL,NULL,'2025-05-28 16:08:22'),(465,43,70,NULL,NULL,NULL,'2025-05-28 16:08:22'),(466,43,96,NULL,NULL,NULL,'2025-05-28 16:08:22'),(467,43,34,NULL,NULL,NULL,'2025-05-28 16:08:22'),(468,54,68,NULL,NULL,NULL,'2025-05-28 16:08:22'),(469,54,94,NULL,NULL,NULL,'2025-05-28 16:08:22'),(470,54,34,NULL,NULL,NULL,'2025-05-28 16:08:22'),(471,12,77,NULL,NULL,NULL,'2025-05-28 16:08:22'),(472,12,97,NULL,NULL,NULL,'2025-05-28 16:08:22'),(473,12,28,NULL,NULL,NULL,'2025-05-28 16:08:22'),(474,21,77,NULL,NULL,NULL,'2025-05-28 16:08:22'),(475,21,91,NULL,NULL,NULL,'2025-05-28 16:08:22'),(476,21,28,NULL,NULL,NULL,'2025-05-28 16:08:22'),(477,58,72,NULL,NULL,NULL,'2025-05-28 16:08:45'),(478,58,108,NULL,NULL,NULL,'2025-05-28 16:08:45'),(479,58,30,NULL,NULL,NULL,'2025-05-28 16:08:45'),(480,29,68,NULL,NULL,NULL,'2025-05-28 16:08:45'),(481,29,109,NULL,NULL,NULL,'2025-05-28 16:08:45'),(482,29,35,NULL,NULL,NULL,'2025-05-28 16:08:45'),(483,3,70,NULL,NULL,NULL,'2025-05-28 16:08:45'),(484,3,90,NULL,NULL,NULL,'2025-05-28 16:08:45'),(485,3,33,NULL,NULL,NULL,'2025-05-28 16:08:45'),(486,16,73,NULL,NULL,NULL,'2025-05-28 16:08:45'),(487,16,110,NULL,NULL,NULL,'2025-05-28 16:08:45'),(488,16,31,NULL,NULL,NULL,'2025-05-28 16:08:45'),(489,34,69,NULL,NULL,NULL,'2025-05-28 16:08:45'),(490,34,95,NULL,NULL,NULL,'2025-05-28 16:08:45'),(491,34,30,NULL,NULL,NULL,'2025-05-28 16:08:45'),(492,33,72,NULL,NULL,NULL,'2025-05-28 16:08:45'),(493,33,112,NULL,NULL,NULL,'2025-05-28 16:08:45'),(494,33,35,NULL,NULL,NULL,'2025-05-28 16:08:45'),(495,25,76,NULL,NULL,NULL,'2025-05-28 16:08:45'),(496,25,95,NULL,NULL,NULL,'2025-05-28 16:08:45'),(497,25,30,NULL,NULL,NULL,'2025-05-28 16:08:45'),(498,55,75,NULL,NULL,NULL,'2025-05-28 16:08:45'),(499,55,95,NULL,NULL,NULL,'2025-05-28 16:08:45'),(500,55,31,NULL,NULL,NULL,'2025-05-28 16:08:45'),(501,48,76,NULL,NULL,NULL,'2025-05-28 16:08:45'),(502,48,94,NULL,NULL,NULL,'2025-05-28 16:08:45'),(503,48,35,NULL,NULL,NULL,'2025-05-28 16:08:45'),(504,36,66,NULL,NULL,NULL,'2025-05-28 16:08:45'),(505,36,108,NULL,NULL,NULL,'2025-05-28 16:08:45'),(506,36,32,NULL,NULL,NULL,'2025-05-28 16:08:45'),(507,10,74,NULL,NULL,NULL,'2025-05-28 16:08:45'),(508,10,94,NULL,NULL,NULL,'2025-05-28 16:08:45'),(509,10,35,NULL,NULL,NULL,'2025-05-28 16:08:45'),(510,46,71,NULL,NULL,NULL,'2025-05-28 16:09:00'),(511,46,111,NULL,NULL,NULL,'2025-05-28 16:09:00'),(512,46,47,NULL,NULL,NULL,'2025-05-28 16:09:00'),(513,20,42,NULL,NULL,NULL,'2025-08-29 22:28:47'),(514,44,56,NULL,NULL,NULL,'2025-08-29 22:53:11'),(515,11,51,NULL,NULL,NULL,'2025-08-29 22:53:11'),(516,42,43,NULL,NULL,NULL,'2025-08-29 22:53:11'),(517,13,57,NULL,NULL,NULL,'2025-08-29 22:53:11'),(518,2,49,NULL,NULL,NULL,'2025-08-29 22:53:11'),(519,19,42,NULL,NULL,NULL,'2025-08-29 22:53:24'),(520,24,56,NULL,NULL,NULL,'2025-08-29 22:53:24'),(521,23,49,NULL,NULL,NULL,'2025-08-29 22:53:24'),(522,37,51,NULL,NULL,NULL,'2025-08-29 22:53:24'),(523,32,58,NULL,NULL,NULL,'2025-08-29 22:53:24'),(524,51,51,NULL,NULL,NULL,'2025-08-29 22:53:39'),(525,10,50,NULL,NULL,NULL,'2025-08-29 22:53:39'),(526,16,44,NULL,NULL,NULL,'2025-08-29 22:53:39'),(527,48,51,NULL,NULL,NULL,'2025-08-29 22:53:39'),(528,1,44,NULL,NULL,NULL,'2025-08-29 22:53:39'),(529,57,44,NULL,NULL,NULL,'2025-08-29 22:53:55'),(530,26,42,NULL,NULL,NULL,'2025-08-29 22:53:55'),(531,18,49,NULL,NULL,NULL,'2025-08-29 22:53:55'),(532,59,43,NULL,NULL,NULL,'2025-08-29 22:53:55'),(533,3,50,NULL,NULL,NULL,'2025-08-29 22:53:55'),(534,54,49,NULL,NULL,NULL,'2025-08-29 22:53:55'),(535,27,51,'',NULL,'','2025-08-29 22:53:55'),(536,34,44,'',NULL,'','2025-08-29 22:53:55'),(537,21,49,NULL,NULL,NULL,'2025-08-29 22:53:55'),(538,39,51,NULL,NULL,NULL,'2025-08-29 22:53:55'),(539,36,43,NULL,NULL,NULL,'2025-08-29 22:53:55'),(540,30,50,'',NULL,'','2025-08-29 22:53:55'),(541,20,49,NULL,NULL,NULL,'2025-08-29 22:53:55'),(542,52,43,'',NULL,'做的不错','2025-08-29 22:54:01'),(543,25,42,'',NULL,'','2025-08-29 22:54:01'),(544,5,42,NULL,NULL,NULL,'2025-08-29 22:54:01'),(545,9,44,NULL,NULL,NULL,'2025-08-29 22:54:01'),(546,6,58,NULL,NULL,NULL,'2025-08-29 22:54:11'),(547,7,58,NULL,NULL,NULL,'2025-08-29 22:54:11'),(548,53,44,NULL,NULL,NULL,'2025-08-29 22:54:11'),(549,35,43,NULL,NULL,NULL,'2025-08-29 22:54:11'),(550,12,51,NULL,NULL,NULL,'2025-08-29 22:54:11'),(551,8,42,NULL,NULL,NULL,'2025-08-29 22:54:11'),(552,40,51,NULL,NULL,NULL,'2025-08-29 22:54:11'),(553,58,49,NULL,NULL,NULL,'2025-08-29 22:54:28'),(554,28,58,NULL,NULL,NULL,'2025-08-29 22:54:28'),(555,43,43,NULL,NULL,NULL,'2025-08-29 22:54:28'),(556,14,58,NULL,NULL,NULL,'2025-08-29 22:54:28'),(557,56,51,NULL,NULL,NULL,'2025-08-29 22:54:28'),(558,55,56,NULL,NULL,NULL,'2025-08-29 22:54:28'),(559,49,58,NULL,NULL,NULL,'2025-08-29 22:54:28'),(560,38,43,NULL,NULL,NULL,'2025-08-29 22:54:28'),(561,22,56,NULL,NULL,NULL,'2025-08-29 22:54:28'),(562,33,44,NULL,NULL,NULL,'2025-08-29 22:54:28'),(563,50,43,NULL,NULL,NULL,'2025-08-29 22:54:28'),(564,4,50,NULL,NULL,NULL,'2025-08-29 22:54:28'),(565,41,43,NULL,NULL,NULL,'2025-08-29 22:54:28'),(566,46,42,NULL,NULL,NULL,'2025-08-29 22:54:28'),(567,31,43,'',NULL,'','2025-08-29 22:54:28'),(568,15,42,NULL,NULL,NULL,'2025-08-29 22:54:28'),(569,45,44,NULL,NULL,NULL,'2025-08-29 22:54:28'),(570,29,58,NULL,NULL,NULL,'2025-08-29 22:54:28'),(571,17,42,NULL,NULL,NULL,'2025-08-29 22:54:28');
/*!40000 ALTER TABLE `student_records` ENABLE KEYS */;

#
# Structure for table "students"
#

DROP TABLE IF EXISTS `students`;
CREATE TABLE `students` (
  `student_id` int(11) NOT NULL AUTO_INCREMENT,
  `class_id` int(11) DEFAULT NULL,
  `student_name` varchar(50) COLLATE utf8_unicode_ci DEFAULT NULL,
  PRIMARY KEY (`student_id`),
  KEY `class_id` (`class_id`)
) ENGINE=MyISAM AUTO_INCREMENT=60 DEFAULT CHARSET=utf8 COLLATE=utf8_unicode_ci;

#
# Data for table "students"
#

/*!40000 ALTER TABLE `students` DISABLE KEYS */;
INSERT INTO `students` VALUES (1,1,'彭雨馨'),(2,1,'杨良屹'),(3,1,'杨士钊'),(4,1,'唐平'),(5,1,'周萍雨'),(6,1,'肖亦越'),(7,1,'杨文艺'),(8,1,'吴俊言'),(9,1,'唐睿翱'),(10,1,'罗芮安'),(11,1,'赵浩然'),(12,1,'唐安'),(13,1,'王淑媛'),(14,1,'李依宸'),(15,1,'杨毅'),(16,1,'杨瑷璟'),(17,1,'吴煜涵'),(18,1,'郑俊熙'),(19,1,'谢子涵'),(20,1,'万屹'),(21,1,'唐宏浩'),(22,1,'周靖'),(23,1,'柳郑茂'),(24,1,'罗梓航'),(25,1,'古桠萱'),(26,1,'陈若燨'),(27,1,'岑欣晔'),(28,1,'周俊宏'),(29,1,'孙宇涵'),(30,1,'何轹繇'),(31,1,'范天伊'),(32,1,'杨力川'),(33,1,'刘林峰'),(34,1,'孙翔秩'),(35,1,'宋雨廷'),(36,1,'叶海瑶'),(37,2,'杨彦海'),(38,2,'寇梦冉'),(39,2,'周毅星'),(40,2,'万玮琳'),(41,2,'崔竣然'),(42,2,'罗鸿宇'),(43,2,'宋思妍'),(44,2,'陈语萱'),(45,2,'张宇坤'),(46,2,'杨启'),(48,2,'杨咏锟'),(49,2,'李鹏程'),(50,2,'卢硕'),(51,2,'郑程玥'),(52,2,'代阳'),(53,2,'张浩燃'),(54,2,'张玉洁'),(55,2,'程梓'),(56,2,'牟庭槿'),(57,2,'高瑞燊'),(58,2,'任漪侨'),(59,1,'王浩文');
/*!40000 ALTER TABLE `students` ENABLE KEYS */;

#
# Structure for table "users"
#

DROP TABLE IF EXISTS `users`;
CREATE TABLE `users` (
  `id` int(11) NOT NULL AUTO_INCREMENT,
  `username` varchar(50) COLLATE utf8_unicode_ci NOT NULL,
  `password` varchar(255) COLLATE utf8_unicode_ci NOT NULL,
  `role` enum('admin','teacher','assistant') COLLATE utf8_unicode_ci DEFAULT 'teacher',
  `created_at` timestamp NOT NULL DEFAULT CURRENT_TIMESTAMP,
  PRIMARY KEY (`id`),
  UNIQUE KEY `username` (`username`)
) ENGINE=MyISAM AUTO_INCREMENT=2 DEFAULT CHARSET=utf8 COLLATE=utf8_unicode_ci;

#
# Data for table "users"
#

/*!40000 ALTER TABLE `users` DISABLE KEYS */;
INSERT INTO `users` VALUES (1,'王敬晨','888888','teacher','2025-05-19 04:03:52');
/*!40000 ALTER TABLE `users` ENABLE KEYS */;
