# Host: localhost  (Version: 5.7.26)
# Date: 2025-11-14 00:15:21
# Generator: MySQL-Front 5.3  (Build 4.234)

/*!40101 SET NAMES utf8 */;

#
# Structure for table "assigned_questions"
#

DROP TABLE IF EXISTS `assigned_questions`;
CREATE TABLE `assigned_questions` (
  `id` int(11) NOT NULL AUTO_INCREMENT,
  `student_id` int(11) NOT NULL,
  `question_id` int(11) NOT NULL,
  `position` int(11) NOT NULL,
  `assigned_at` timestamp NOT NULL DEFAULT CURRENT_TIMESTAMP,
  PRIMARY KEY (`id`),
  KEY `student_id` (`student_id`),
  KEY `question_id` (`question_id`)
) ENGINE=MyISAM DEFAULT CHARSET=utf8 COLLATE=utf8_unicode_ci;

#
# Data for table "assigned_questions"
#

/*!40000 ALTER TABLE `assigned_questions` DISABLE KEYS */;
/*!40000 ALTER TABLE `assigned_questions` ENABLE KEYS */;

#
# Structure for table "classes"
#

DROP TABLE IF EXISTS `classes`;
CREATE TABLE `classes` (
  `class_id` int(11) NOT NULL AUTO_INCREMENT,
  `class_name` varchar(50) COLLATE utf8_unicode_ci DEFAULT NULL,
  PRIMARY KEY (`class_id`)
) ENGINE=MyISAM AUTO_INCREMENT=3 DEFAULT CHARSET=utf8 COLLATE=utf8_unicode_ci;

#
# Data for table "classes"
#

/*!40000 ALTER TABLE `classes` DISABLE KEYS */;
INSERT INTO `classes` VALUES (1,'3班'),(2,'4班');
/*!40000 ALTER TABLE `classes` ENABLE KEYS */;

#
# Structure for table "questions"
#

DROP TABLE IF EXISTS `questions`;
CREATE TABLE `questions` (
  `question_id` int(11) NOT NULL AUTO_INCREMENT,
  `difficulty_level` enum('easy','medium') COLLATE utf8_unicode_ci DEFAULT NULL,
  `topic` varchar(100) COLLATE utf8_unicode_ci DEFAULT NULL,
  `question_text` text COLLATE utf8_unicode_ci,
  `question_image` varchar(255) COLLATE utf8_unicode_ci DEFAULT NULL,
  `answer_text` text COLLATE utf8_unicode_ci,
  `created_at` timestamp NOT NULL DEFAULT CURRENT_TIMESTAMP,
  PRIMARY KEY (`question_id`)
) ENGINE=MyISAM AUTO_INCREMENT=138 DEFAULT CHARSET=utf8 COLLATE=utf8_unicode_ci;

#
# Data for table "questions"
#

/*!40000 ALTER TABLE `questions` DISABLE KEYS */;
INSERT INTO `questions` VALUES (137,'easy','吧','树上的小鸟',NULL,'NIQNAX XWOdiwjxq你先拿为此','2025-11-13 22:54:58');
/*!40000 ALTER TABLE `questions` ENABLE KEYS */;

#
# Structure for table "student_records"
#

DROP TABLE IF EXISTS `student_records`;
CREATE TABLE `student_records` (
  `record_id` int(11) NOT NULL AUTO_INCREMENT,
  `student_id` int(11) DEFAULT NULL,
  `question_id` int(11) DEFAULT NULL,
  `performance_score` text COLLATE utf8_unicode_ci,
  `performance_image_path` varchar(255) COLLATE utf8_unicode_ci DEFAULT NULL,
  `student_feedback` text COLLATE utf8_unicode_ci,
  `create_at` timestamp NULL DEFAULT CURRENT_TIMESTAMP,
  PRIMARY KEY (`record_id`),
  KEY `student_id` (`student_id`),
  KEY `question_id` (`question_id`)
) ENGINE=MyISAM AUTO_INCREMENT=572 DEFAULT CHARSET=utf8 COLLATE=utf8_unicode_ci;

#
# Data for table "student_records"
#

/*!40000 ALTER TABLE `student_records` DISABLE KEYS */;
INSERT INTO `student_records` VALUES (1,57,63,'','','','2025-05-27 10:51:51'),(2,57,108,'','','','2025-05-27 10:51:51'),(3,18,63,'','','','2025-05-27 10:51:51'),(4,18,112,'','','','2025-05-27 10:51:51'),(5,19,63,'','','','2025-05-27 10:51:51'),(6,19,110,'','','','2025-05-27 10:51:51'),(7,10,63,'','','','2025-05-27 10:51:51'),(8,10,111,'','','','2025-05-27 10:51:51'),(9,55,63,'','','','2025-05-27 10:51:51'),(10,55,92,'','','','2025-05-27 10:51:51'),(11,23,63,'','','','2025-05-27 10:51:51'),(12,23,90,'','','','2025-05-27 10:51:51'),(13,7,63,'','','','2025-05-27 10:51:51'),(14,7,112,'','','','2025-05-27 10:51:51'),(15,48,63,'','','','2025-05-27 10:51:51'),(16,48,109,'','','','2025-05-27 10:51:51'),(17,3,63,'','','','2025-05-27 10:51:51'),(18,3,113,'','','','2025-05-27 10:51:51'),(19,53,63,'','','','2025-05-27 10:51:51'),(20,53,92,'','','','2025-05-27 10:51:51'),(21,8,63,'','','','2025-05-27 10:51:51'),(22,8,109,'','','','2025-05-27 10:51:51'),(23,28,63,'','','','2025-05-27 10:51:51'),(24,28,91,'','','','2025-05-27 10:51:51'),(25,14,63,'','','','2025-05-27 10:51:51'),(26,14,96,'','','','2025-05-27 10:51:51'),(27,1,63,'','','','2025-05-27 10:51:51'),(28,1,95,'','','','2025-05-27 10:51:51'),(29,52,63,'','','','2025-05-27 10:51:51'),(30,52,111,'','','','2025-05-27 10:51:51'),(31,51,63,'','','','2025-05-27 10:53:08'),(32,51,113,'','','','2025-05-27 10:53:08'),(33,29,63,'','','','2025-05-27 10:53:08'),(34,29,97,'','','','2025-05-27 10:53:08'),(35,49,63,'','','','2025-05-27 10:53:08'),(36,49,96,'','','','2025-05-27 10:53:08'),(37,33,63,'','','','2025-05-27 10:53:08'),(38,33,97,'','','','2025-05-27 10:53:08'),(39,58,63,'','','','2025-05-27 10:53:08'),(40,58,89,'','','','2025-05-27 10:53:08'),(41,36,63,'','','','2025-05-27 10:53:08'),(42,36,110,'','','','2025-05-27 10:53:08'),(43,21,63,'','','','2025-05-27 10:53:08'),(44,21,109,'','','','2025-05-27 10:53:08'),(45,56,63,'','','','2025-05-27 10:53:08'),(46,56,95,'','','','2025-05-27 10:53:08'),(47,20,63,'','','','2025-05-27 10:53:57'),(48,20,110,'','','','2025-05-27 10:53:57'),(49,32,63,'','','','2025-05-27 10:53:57'),(50,32,113,'','','','2025-05-27 10:53:57'),(51,16,63,'','','','2025-05-27 10:53:57'),(52,16,109,'','','','2025-05-27 10:53:57'),(53,59,63,'','','','2025-05-27 10:53:57'),(54,59,109,'','','','2025-05-27 10:53:57'),(55,5,63,'','','','2025-05-27 10:53:57'),(56,5,109,'','','','2025-05-27 10:53:57'),(57,40,69,'','','','2025-05-27 10:54:27'),(58,40,88,'','','','2025-05-27 10:54:27'),(59,17,71,'','','','2025-05-27 10:54:27'),(60,17,108,'','','','2025-05-27 10:54:27'),(61,4,76,'','','','2025-05-27 10:54:27'),(62,4,112,'','','','2025-05-27 10:54:27'),(63,35,66,'','','','2025-05-27 10:54:27'),(64,35,96,'','','','2025-05-27 10:54:27'),(65,45,66,'','','','2025-05-27 10:54:27'),(66,45,112,'','','','2025-05-27 10:54:27'),(67,15,77,'','','','2025-05-27 10:54:27'),(68,15,110,'','','','2025-05-27 10:54:27'),(69,42,77,'','','','2025-05-27 10:54:28'),(70,42,110,'','','','2025-05-27 10:54:28'),(71,26,71,'','','','2025-05-27 10:54:28'),(72,26,112,'','','','2025-05-27 10:54:28'),(73,44,77,'','','','2025-05-27 10:54:28'),(74,44,91,'','','','2025-05-27 10:54:28'),(75,6,66,'','','','2025-05-27 10:54:28'),(76,6,109,'','','','2025-05-27 10:54:28'),(77,2,71,'','','','2025-05-27 10:54:28'),(78,2,88,'','','','2025-05-27 10:54:28'),(79,54,76,'','','','2025-05-27 10:54:28'),(80,54,113,'','','','2025-05-27 10:54:28'),(81,38,69,'','','','2025-05-27 10:54:28'),(82,38,112,'','','','2025-05-27 10:54:28'),(83,9,69,'','','','2025-05-27 10:54:28'),(84,9,111,'','','','2025-05-27 10:54:28'),(85,39,67,'','','','2025-05-27 10:54:28'),(86,39,93,'','','','2025-05-27 10:54:28'),(87,30,67,'','','','2025-05-27 10:54:28'),(88,30,91,'','','','2025-05-27 10:54:28'),(89,50,77,'','','','2025-05-27 10:54:28'),(90,50,113,'','','','2025-05-27 10:54:28'),(91,22,75,'','','','2025-05-27 10:54:28'),(92,22,92,'','','','2025-05-27 10:54:28'),(93,34,72,'','','','2025-05-27 10:54:28'),(94,34,108,'','','','2025-05-27 10:54:28'),(95,27,66,'','','','2025-05-27 10:54:28'),(96,27,94,'','','','2025-05-27 10:54:28'),(97,46,70,'','','','2025-05-27 10:54:28'),(98,46,90,'','','','2025-05-27 10:54:28'),(99,13,70,'','','','2025-05-27 10:54:28'),(100,13,92,'','','','2025-05-27 10:54:28'),(101,31,68,'','','','2025-05-27 10:54:28'),(102,31,95,'','','','2025-05-27 10:54:28'),(103,11,70,'','','','2025-05-27 10:54:28'),(104,11,91,'','','','2025-05-27 10:54:28'),(105,24,71,'','','','2025-05-27 10:54:28'),(106,24,95,'','','','2025-05-27 10:54:28'),(107,37,65,'','','','2025-05-27 10:54:28'),(108,37,96,'','','','2025-05-27 10:54:28'),(109,41,67,'','','','2025-05-27 10:54:28'),(110,41,113,'','','','2025-05-27 10:54:28'),(111,43,65,'','','','2025-05-27 10:54:28'),(112,43,89,'','','','2025-05-27 10:54:28'),(113,12,71,'','','','2025-05-27 10:54:28'),(114,12,93,'','','','2025-05-27 10:54:28'),(115,25,65,'','','','2025-05-27 10:54:28'),(116,25,109,'','','','2025-05-27 10:54:28'),(117,57,56,'','','','2025-05-24 12:58:27'),(118,57,16,'','','','2025-05-24 12:58:27'),(119,57,21,'','','','2025-05-24 12:58:27'),(120,57,31,'','','','2025-05-24 12:58:27'),(121,51,56,'','','','2025-05-24 12:58:27'),(122,51,1,'','','','2025-05-24 12:58:27'),(123,51,19,'','','','2025-05-24 12:58:27'),(124,51,27,'','','','2025-05-24 12:58:27'),(125,18,56,'','','','2025-05-24 12:58:27'),(126,18,15,'','','','2025-05-24 12:58:27'),(127,18,19,'','','','2025-05-24 12:58:27'),(128,18,31,'','','','2025-05-24 12:58:27'),(129,26,56,'','','','2025-05-24 12:58:27'),(130,26,10,'','','','2025-05-24 12:58:27'),(131,26,18,'','','','2025-05-24 12:58:27'),(132,26,27,'','','','2025-05-24 12:58:27'),(133,19,44,'','','','2025-05-24 12:58:27'),(134,19,15,'','','','2025-05-24 12:58:27'),(135,19,20,'','','','2025-05-24 12:58:27'),(136,19,35,'','','','2025-05-24 12:58:27'),(137,10,42,'','','','2025-05-24 12:58:27'),(138,10,1,'','','','2025-05-24 12:58:27'),(139,10,20,'','','','2025-05-24 12:58:27'),(140,10,30,'','','','2025-05-24 12:58:27'),(141,55,43,'','','','2025-05-24 12:58:27'),(142,55,16,'','','','2025-05-24 12:58:27'),(143,55,22,'','','','2025-05-24 12:58:27'),(144,55,35,'','','','2025-05-24 12:58:27'),(145,59,57,'','','','2025-05-24 12:58:27'),(146,59,9,'','','','2025-05-24 12:58:27'),(147,59,23,'','','','2025-05-24 12:58:27'),(148,59,27,'','','','2025-05-24 12:58:27'),(149,56,50,'','','','2025-05-24 12:58:27'),(150,56,4,'','','','2025-05-24 12:58:27'),(151,56,23,'','','','2025-05-24 12:58:27'),(152,56,30,'','','','2025-05-24 12:58:27'),(153,23,50,'','','','2025-05-24 12:58:27'),(154,23,16,'','','','2025-05-24 12:58:27'),(155,23,20,'','','','2025-05-24 12:58:27'),(156,23,30,'','','','2025-05-24 12:58:27'),(157,16,56,'','','','2025-05-24 12:58:27'),(158,16,15,'','','','2025-05-24 12:58:27'),(159,16,18,'','','','2025-05-24 12:58:27'),(160,16,35,'','','','2025-05-24 12:58:27'),(161,7,43,'','','','2025-05-24 12:58:27'),(162,7,9,'','','','2025-05-24 12:58:27'),(163,7,21,'','','','2025-05-24 12:58:27'),(164,7,31,'','','','2025-05-24 12:58:27'),(165,3,58,'','','','2025-05-24 12:58:27'),(166,3,10,'','','','2025-05-24 12:58:27'),(167,3,21,'','','','2025-05-24 12:58:27'),(168,3,27,'','','','2025-05-24 12:58:27'),(169,48,57,'','','','2025-05-24 12:58:27'),(170,48,4,'','','','2025-05-24 12:58:27'),(171,48,18,'','','','2025-05-24 12:58:27'),(172,48,30,'','','','2025-05-24 12:58:27'),(173,32,43,'','','','2025-05-24 12:58:27'),(174,32,10,'','','','2025-05-24 12:58:27'),(175,32,20,'','','','2025-05-24 12:58:27'),(176,32,30,'','','','2025-05-24 12:58:27'),(177,14,51,'','','','2025-05-24 12:58:27'),(178,14,7,'','','','2025-05-24 12:58:27'),(179,14,23,'','','','2025-05-24 12:58:27'),(180,14,30,'','','','2025-05-24 12:58:27'),(181,49,43,'','','','2025-05-24 12:58:27'),(182,49,3,'','','','2025-05-24 12:58:27'),(183,49,18,'','','','2025-05-24 12:58:27'),(184,49,27,'','','','2025-05-24 12:58:27'),(185,1,58,'','','','2025-05-24 12:58:27'),(186,1,4,'','','','2025-05-24 12:58:27'),(187,1,20,'','','','2025-05-24 12:58:27'),(188,1,35,'','','','2025-05-24 12:58:27'),(189,53,58,'','','','2025-05-24 12:58:27'),(190,53,1,'','','','2025-05-24 12:58:27'),(191,53,22,'','','','2025-05-24 12:58:27'),(192,53,32,'','','','2025-05-24 12:58:27'),(193,21,43,'','','','2025-05-24 12:58:27'),(194,21,15,'','','','2025-05-24 12:58:27'),(195,21,21,'','','','2025-05-24 12:58:27'),(196,21,32,'','','','2025-05-24 12:58:27'),(197,28,49,'','','','2025-05-24 12:58:27'),(198,28,17,'','','','2025-05-24 12:58:27'),(199,28,20,'','','','2025-05-24 12:58:27'),(200,28,27,'','','','2025-05-24 12:58:27'),(201,8,50,'','','','2025-05-24 12:58:27'),(202,8,10,'','','','2025-05-24 12:58:27'),(203,8,23,'','','','2025-05-24 12:58:27'),(204,8,27,'','','','2025-05-24 12:58:27'),(205,52,57,'','','','2025-05-24 12:58:27'),(206,52,7,'','','','2025-05-24 12:58:27'),(207,52,21,'','','','2025-05-24 12:58:27'),(208,52,32,'','','','2025-05-24 12:58:27'),(209,29,57,'','','','2025-05-24 12:58:27'),(210,29,2,'','','','2025-05-24 12:58:27'),(211,29,19,'','','','2025-05-24 12:58:27'),(212,29,27,'','','','2025-05-24 12:58:27'),(213,20,62,'','','','2025-05-24 13:00:28'),(214,20,17,'','','','2025-05-24 13:00:28'),(215,20,22,'','','','2025-05-24 13:00:28'),(216,20,32,'','','','2025-05-24 13:00:28'),(217,50,52,'','','','2025-05-24 13:00:28'),(218,50,3,'','','','2025-05-24 13:00:28'),(219,50,23,'','','','2025-05-24 13:00:28'),(220,50,31,'','','','2025-05-24 13:00:28'),(221,33,48,'','','','2025-05-24 13:00:28'),(222,33,17,'','','','2025-05-24 13:00:28'),(223,33,22,'','','','2025-05-24 13:00:28'),(224,33,27,'','','','2025-05-24 13:00:28'),(225,25,60,'','','','2025-05-24 13:00:28'),(226,25,16,'','','','2025-05-24 13:00:28'),(227,25,20,'','','','2025-05-24 13:00:28'),(228,25,33,'','','','2025-05-24 13:00:28'),(229,17,46,'','','','2025-05-24 13:00:28'),(230,17,16,'','','','2025-05-24 13:00:28'),(231,17,23,'','','','2025-05-24 13:00:28'),(232,17,30,'','','','2025-05-24 13:00:28'),(233,5,47,'','','','2025-05-24 13:00:28'),(234,5,16,'','','','2025-05-24 13:00:28'),(235,5,20,'','','','2025-05-24 13:00:28'),(236,5,27,'','','','2025-05-24 13:00:28'),(237,12,62,'','','','2025-05-24 13:00:28'),(238,12,17,'','','','2025-05-24 13:00:28'),(239,12,19,'','','','2025-05-24 13:00:28'),(240,12,32,'','','','2025-05-24 13:00:28'),(241,34,53,'','','','2025-05-24 13:00:28'),(242,34,10,'','','','2025-05-24 13:00:28'),(243,34,22,'','','','2025-05-24 13:00:28'),(244,34,31,'','','','2025-05-24 13:00:28'),(245,35,46,'','','','2025-05-24 13:00:28'),(246,35,9,'','','','2025-05-24 13:00:28'),(247,35,20,'','','','2025-05-24 13:00:28'),(248,35,27,'','','','2025-05-24 13:00:28'),(249,43,52,'','','','2025-05-24 13:00:28'),(250,43,8,'','','','2025-05-24 13:00:28'),(251,43,20,'','','','2025-05-24 13:00:28'),(252,43,27,'','','','2025-05-24 13:00:28'),(253,27,54,'','','','2025-05-24 13:00:28'),(254,27,3,'','','','2025-05-24 13:00:28'),(255,27,23,'','','','2025-05-24 13:00:28'),(256,27,27,'','','','2025-05-24 13:00:28'),(257,54,55,'','','','2025-05-24 13:00:29'),(258,54,7,'','','','2025-05-24 13:00:29'),(259,54,23,'','','','2025-05-24 13:00:29'),(260,54,27,'','','','2025-05-24 13:00:29'),(261,45,48,'','','','2025-05-24 13:00:29'),(262,45,3,'','','','2025-05-24 13:00:29'),(263,45,19,'','','','2025-05-24 13:00:29'),(264,45,32,'','','','2025-05-24 13:00:29'),(265,46,55,'','','','2025-05-24 13:00:29'),(266,46,9,'','','','2025-05-24 13:00:29'),(267,46,23,'','','','2025-05-24 13:00:29'),(268,46,33,'','','','2025-05-24 13:00:29'),(269,31,52,'','','','2025-05-24 13:00:29'),(270,31,16,'','','','2025-05-24 13:00:29'),(271,31,18,'','','','2025-05-24 13:00:29'),(272,31,31,'','','','2025-05-24 13:00:29'),(273,11,53,'','','','2025-05-24 13:00:29'),(274,11,4,'','','','2025-05-24 13:00:29'),(275,11,20,'','','','2025-05-24 13:00:29'),(276,11,27,'','','','2025-05-24 13:00:29'),(277,58,58,'','','','2025-05-24 13:00:54'),(278,58,1,'','','','2025-05-24 13:00:54'),(279,58,19,'','','','2025-05-24 13:00:54'),(280,58,27,'','','','2025-05-24 13:00:54'),(281,36,50,'','','','2025-05-24 13:00:54'),(282,36,9,'','','','2025-05-24 13:00:54'),(283,36,22,'','','','2025-05-24 13:00:54'),(284,36,27,'','','','2025-05-24 13:00:54'),(285,44,47,'','','','2025-05-24 13:02:23'),(286,44,12,'','','','2025-05-24 13:02:23'),(287,44,19,'','','','2025-05-24 13:02:23'),(288,44,33,'','','','2025-05-24 13:02:23'),(289,42,60,'','','','2025-05-24 13:02:23'),(290,42,12,'','','','2025-05-24 13:02:23'),(291,42,22,'','','','2025-05-24 13:02:23'),(292,42,30,'','','','2025-05-24 13:02:23'),(293,38,46,'','','','2025-05-24 13:02:23'),(294,38,14,'','','','2025-05-24 13:02:23'),(295,38,18,'','','','2025-05-24 13:02:23'),(296,38,30,'','','','2025-05-24 13:02:23'),(297,41,45,'','','','2025-05-24 13:02:23'),(298,41,14,'','','','2025-05-24 13:02:23'),(299,41,18,'','','','2025-05-24 13:02:23'),(300,41,31,'','','','2025-05-24 13:02:23'),(301,40,52,'','','','2025-05-24 13:02:52'),(302,40,13,'','','','2025-05-24 13:02:52'),(303,40,22,'','','','2025-05-24 13:02:52'),(304,40,28,'','','','2025-05-24 13:02:52'),(305,39,45,'','','','2025-05-24 13:02:52'),(306,39,11,'','','','2025-05-24 13:02:52'),(307,39,22,'','','','2025-05-24 13:02:52'),(308,39,34,'','','','2025-05-24 13:02:52'),(309,4,46,'','','','2025-05-24 13:02:52'),(310,4,6,'','','','2025-05-24 13:02:52'),(311,4,20,'','','','2025-05-24 13:02:52'),(312,4,29,'','','','2025-05-24 13:02:52'),(313,37,46,'','','','2025-05-24 13:02:52'),(314,37,13,'','','','2025-05-24 13:02:52'),(315,37,22,'','','','2025-05-24 13:02:52'),(316,37,34,'','','','2025-05-24 13:02:52'),(317,2,52,'','','','2025-05-24 13:02:52'),(318,2,12,'','','','2025-05-24 13:02:52'),(319,2,19,'','','','2025-05-24 13:02:52'),(320,2,28,'','','','2025-05-24 13:02:52'),(321,24,60,'','','','2025-05-24 13:02:52'),(322,24,14,'','','','2025-05-24 13:02:52'),(323,24,19,'','','','2025-05-24 13:02:52'),(324,24,29,'','','','2025-05-24 13:02:52'),(325,6,60,'','','','2025-05-24 13:02:52'),(326,6,13,'','','','2025-05-24 13:02:52'),(327,6,18,'','','','2025-05-24 13:02:52'),(328,6,29,'','','','2025-05-24 13:02:52'),(329,15,59,'','','','2025-05-24 13:02:52'),(330,15,6,'','','','2025-05-24 13:02:52'),(331,15,19,'','','','2025-05-24 13:02:52'),(332,15,34,'','','','2025-05-24 13:02:52'),(333,9,55,'','','','2025-05-24 13:02:52'),(334,9,6,'','','','2025-05-24 13:02:52'),(335,9,21,'','','','2025-05-24 13:02:52'),(336,9,34,'','','','2025-05-24 13:02:52'),(337,22,59,'','','','2025-05-24 13:02:52'),(338,22,12,'','','','2025-05-24 13:02:52'),(339,22,22,'','','','2025-05-24 13:02:52'),(340,22,28,'','','','2025-05-24 13:02:52'),(341,30,54,'','','','2025-05-24 13:02:52'),(342,30,13,'','','','2025-05-24 13:02:52'),(343,30,21,'','','','2025-05-24 13:02:52'),(344,30,34,'','','','2025-05-24 13:02:52'),(345,13,54,'','','','2025-05-24 13:03:07'),(346,13,2,'','','','2025-05-24 13:03:07'),(347,13,20,'','','','2025-05-24 13:03:07'),(348,13,27,'','','','2025-05-24 13:03:07'),(349,57,90,NULL,NULL,NULL,'2025-05-28 16:04:41'),(350,57,22,NULL,NULL,NULL,'2025-05-28 16:04:41'),(351,18,90,NULL,NULL,NULL,'2025-05-28 16:04:41'),(352,18,22,NULL,NULL,NULL,'2025-05-28 16:04:41'),(353,19,112,NULL,NULL,NULL,'2025-05-28 16:04:41'),(354,19,19,NULL,NULL,NULL,'2025-05-28 16:04:41'),(355,56,111,NULL,NULL,NULL,'2025-05-28 16:04:41'),(356,56,20,NULL,NULL,NULL,'2025-05-28 16:04:41'),(357,7,108,NULL,NULL,NULL,'2025-05-28 16:04:41'),(358,7,20,NULL,NULL,NULL,'2025-05-28 16:04:41'),(359,23,110,NULL,NULL,NULL,'2025-05-28 16:04:41'),(360,23,22,NULL,NULL,NULL,'2025-05-28 16:04:41'),(361,1,91,NULL,NULL,NULL,'2025-05-28 16:04:41'),(362,1,18,NULL,NULL,NULL,'2025-05-28 16:04:41'),(363,14,91,NULL,NULL,NULL,'2025-05-28 16:04:41'),(364,14,18,NULL,NULL,NULL,'2025-05-28 16:04:41'),(365,49,88,NULL,NULL,NULL,'2025-05-28 16:04:41'),(366,49,19,NULL,NULL,NULL,'2025-05-28 16:04:41'),(367,53,96,NULL,NULL,NULL,'2025-05-28 16:04:41'),(368,53,21,NULL,NULL,NULL,'2025-05-28 16:04:41'),(369,20,73,NULL,NULL,NULL,'2025-05-28 16:05:43'),(370,20,97,NULL,NULL,NULL,'2025-05-28 16:05:43'),(371,20,21,NULL,NULL,NULL,'2025-05-28 16:05:43'),(372,52,67,NULL,NULL,NULL,'2025-05-28 16:05:43'),(373,52,97,NULL,NULL,NULL,'2025-05-28 16:05:43'),(374,52,20,NULL,NULL,NULL,'2025-05-28 16:05:43'),(375,8,69,NULL,NULL,NULL,'2025-05-28 16:05:43'),(376,8,93,NULL,NULL,NULL,'2025-05-28 16:05:43'),(377,8,22,NULL,NULL,NULL,'2025-05-28 16:05:43'),(378,28,75,NULL,NULL,NULL,'2025-05-28 16:05:43'),(379,28,89,NULL,NULL,NULL,'2025-05-28 16:05:43'),(380,28,18,NULL,NULL,NULL,'2025-05-28 16:05:43'),(381,5,67,NULL,NULL,NULL,'2025-05-28 16:05:43'),(382,5,93,NULL,NULL,NULL,'2025-05-28 16:05:43'),(383,5,22,NULL,NULL,NULL,'2025-05-28 16:05:43'),(384,35,70,NULL,NULL,NULL,'2025-05-28 16:05:43'),(385,35,109,NULL,NULL,NULL,'2025-05-28 16:05:43'),(386,35,18,NULL,NULL,NULL,'2025-05-28 16:05:43'),(387,32,77,NULL,NULL,NULL,'2025-05-28 16:05:43'),(388,32,92,NULL,NULL,NULL,'2025-05-28 16:05:43'),(389,32,21,NULL,NULL,NULL,'2025-05-28 16:05:43'),(390,59,74,NULL,NULL,NULL,'2025-05-28 16:05:43'),(391,59,91,NULL,NULL,NULL,'2025-05-28 16:05:43'),(392,59,21,NULL,NULL,NULL,'2025-05-28 16:05:43'),(393,26,70,NULL,NULL,NULL,'2025-05-28 16:05:43'),(394,26,92,NULL,NULL,NULL,'2025-05-28 16:05:43'),(395,26,19,NULL,NULL,NULL,'2025-05-28 16:05:43'),(396,2,74,NULL,NULL,NULL,'2025-05-28 16:06:41'),(397,2,93,NULL,NULL,NULL,'2025-05-28 16:06:41'),(398,2,29,NULL,NULL,NULL,'2025-05-28 16:06:41'),(399,39,65,NULL,NULL,NULL,'2025-05-28 16:06:41'),(400,39,110,NULL,NULL,NULL,'2025-05-28 16:06:41'),(401,39,29,NULL,NULL,NULL,'2025-05-28 16:06:41'),(402,4,65,NULL,NULL,NULL,'2025-05-28 16:06:41'),(403,4,95,NULL,NULL,NULL,'2025-05-28 16:06:41'),(404,4,34,NULL,NULL,NULL,'2025-05-28 16:06:41'),(405,22,74,NULL,NULL,NULL,'2025-05-28 16:06:41'),(406,22,109,NULL,NULL,NULL,'2025-05-28 16:06:41'),(407,22,34,NULL,NULL,NULL,'2025-05-28 16:06:41'),(408,9,68,NULL,NULL,NULL,'2025-05-28 16:06:41'),(409,9,109,NULL,NULL,NULL,'2025-05-28 16:06:41'),(410,9,29,NULL,NULL,NULL,'2025-05-28 16:06:41'),(411,30,69,NULL,NULL,NULL,'2025-05-28 16:06:41'),(412,30,112,NULL,NULL,NULL,'2025-05-28 16:06:41'),(413,30,28,NULL,NULL,NULL,'2025-05-28 16:06:41'),(414,15,75,NULL,NULL,NULL,'2025-05-28 16:06:41'),(415,15,96,NULL,NULL,NULL,'2025-05-28 16:06:41'),(416,15,28,NULL,NULL,NULL,'2025-05-28 16:06:41'),(417,37,72,NULL,NULL,NULL,'2025-05-28 16:06:41'),(418,37,95,NULL,NULL,NULL,'2025-05-28 16:06:41'),(419,37,29,NULL,NULL,NULL,'2025-05-28 16:06:41'),(420,6,71,NULL,NULL,NULL,'2025-05-28 16:06:41'),(421,6,108,NULL,NULL,NULL,'2025-05-28 16:06:41'),(422,6,34,NULL,NULL,NULL,'2025-05-28 16:06:41'),(423,41,70,NULL,NULL,NULL,'2025-05-28 16:06:41'),(424,41,112,NULL,NULL,NULL,'2025-05-28 16:06:41'),(425,41,28,NULL,NULL,NULL,'2025-05-28 16:06:41'),(426,24,75,NULL,NULL,NULL,'2025-05-28 16:06:41'),(427,24,111,NULL,NULL,NULL,'2025-05-28 16:06:41'),(428,24,34,NULL,NULL,NULL,'2025-05-28 16:06:41'),(429,40,64,NULL,NULL,NULL,'2025-05-28 16:07:49'),(430,40,109,NULL,NULL,NULL,'2025-05-28 16:07:49'),(431,40,29,NULL,NULL,NULL,'2025-05-28 16:07:49'),(432,50,66,NULL,NULL,NULL,'2025-05-28 16:07:49'),(433,50,111,NULL,NULL,NULL,'2025-05-28 16:07:49'),(434,50,34,NULL,NULL,NULL,'2025-05-28 16:07:49'),(435,17,69,NULL,NULL,NULL,'2025-05-28 16:07:49'),(436,17,97,NULL,NULL,NULL,'2025-05-28 16:07:49'),(437,17,29,NULL,NULL,NULL,'2025-05-28 16:07:49'),(438,38,68,NULL,NULL,NULL,'2025-05-28 16:07:49'),(439,38,93,NULL,NULL,NULL,'2025-05-28 16:07:49'),(440,38,29,NULL,NULL,NULL,'2025-05-28 16:07:49'),(441,42,70,NULL,NULL,NULL,'2025-05-28 16:07:49'),(442,42,112,NULL,NULL,NULL,'2025-05-28 16:07:49'),(443,42,28,NULL,NULL,NULL,'2025-05-28 16:07:49'),(444,44,74,NULL,NULL,NULL,'2025-05-28 16:07:49'),(445,44,112,NULL,NULL,NULL,'2025-05-28 16:07:49'),(446,44,28,NULL,NULL,NULL,'2025-05-28 16:07:49'),(447,51,71,NULL,NULL,NULL,'2025-05-28 16:07:49'),(448,51,94,NULL,NULL,NULL,'2025-05-28 16:07:49'),(449,51,29,NULL,NULL,NULL,'2025-05-28 16:07:49'),(450,31,64,NULL,NULL,NULL,'2025-05-28 16:07:49'),(451,31,109,NULL,NULL,NULL,'2025-05-28 16:07:49'),(452,31,34,NULL,NULL,NULL,'2025-05-28 16:07:49'),(453,13,65,NULL,NULL,NULL,'2025-05-28 16:07:49'),(454,13,90,NULL,NULL,NULL,'2025-05-28 16:07:49'),(455,13,34,NULL,NULL,NULL,'2025-05-28 16:07:49'),(456,27,75,NULL,NULL,NULL,'2025-05-28 16:07:49'),(457,27,96,NULL,NULL,NULL,'2025-05-28 16:07:49'),(458,27,29,NULL,NULL,NULL,'2025-05-28 16:07:49'),(459,11,65,NULL,NULL,NULL,'2025-05-28 16:08:22'),(460,11,113,NULL,NULL,NULL,'2025-05-28 16:08:22'),(461,11,28,NULL,NULL,NULL,'2025-05-28 16:08:22'),(462,45,70,NULL,NULL,NULL,'2025-05-28 16:08:22'),(463,45,108,NULL,NULL,NULL,'2025-05-28 16:08:22'),(464,45,29,NULL,NULL,NULL,'2025-05-28 16:08:22'),(465,43,70,NULL,NULL,NULL,'2025-05-28 16:08:22'),(466,43,96,NULL,NULL,NULL,'2025-05-28 16:08:22'),(467,43,34,NULL,NULL,NULL,'2025-05-28 16:08:22'),(468,54,68,NULL,NULL,NULL,'2025-05-28 16:08:22'),(469,54,94,NULL,NULL,NULL,'2025-05-28 16:08:22'),(470,54,34,NULL,NULL,NULL,'2025-05-28 16:08:22'),(471,12,77,NULL,NULL,NULL,'2025-05-28 16:08:22'),(472,12,97,NULL,NULL,NULL,'2025-05-28 16:08:22'),(473,12,28,NULL,NULL,NULL,'2025-05-28 16:08:22'),(474,21,77,NULL,NULL,NULL,'2025-05-28 16:08:22'),(475,21,91,NULL,NULL,NULL,'2025-05-28 16:08:22'),(476,21,28,NULL,NULL,NULL,'2025-05-28 16:08:22'),(477,58,72,NULL,NULL,NULL,'2025-05-28 16:08:45'),(478,58,108,NULL,NULL,NULL,'2025-05-28 16:08:45'),(479,58,30,NULL,NULL,NULL,'2025-05-28 16:08:45'),(480,29,68,NULL,NULL,NULL,'2025-05-28 16:08:45'),(481,29,109,NULL,NULL,NULL,'2025-05-28 16:08:45'),(482,29,35,NULL,NULL,NULL,'2025-05-28 16:08:45'),(483,3,70,NULL,NULL,NULL,'2025-05-28 16:08:45'),(484,3,90,NULL,NULL,NULL,'2025-05-28 16:08:45'),(485,3,33,NULL,NULL,NULL,'2025-05-28 16:08:45'),(486,16,73,NULL,NULL,NULL,'2025-05-28 16:08:45'),(487,16,110,NULL,NULL,NULL,'2025-05-28 16:08:45'),(488,16,31,NULL,NULL,NULL,'2025-05-28 16:08:45'),(489,34,69,NULL,NULL,NULL,'2025-05-28 16:08:45'),(490,34,95,NULL,NULL,NULL,'2025-05-28 16:08:45'),(491,34,30,NULL,NULL,NULL,'2025-05-28 16:08:45'),(492,33,72,NULL,NULL,NULL,'2025-05-28 16:08:45'),(493,33,112,NULL,NULL,NULL,'2025-05-28 16:08:45'),(494,33,35,NULL,NULL,NULL,'2025-05-28 16:08:45'),(495,25,76,NULL,NULL,NULL,'2025-05-28 16:08:45'),(496,25,95,NULL,NULL,NULL,'2025-05-28 16:08:45'),(497,25,30,NULL,NULL,NULL,'2025-05-28 16:08:45'),(498,55,75,NULL,NULL,NULL,'2025-05-28 16:08:45'),(499,55,95,NULL,NULL,NULL,'2025-05-28 16:08:45'),(500,55,31,NULL,NULL,NULL,'2025-05-28 16:08:45'),(501,48,76,NULL,NULL,NULL,'2025-05-28 16:08:45'),(502,48,94,NULL,NULL,NULL,'2025-05-28 16:08:45'),(503,48,35,NULL,NULL,NULL,'2025-05-28 16:08:45'),(504,36,66,NULL,NULL,NULL,'2025-05-28 16:08:45'),(505,36,108,NULL,NULL,NULL,'2025-05-28 16:08:45'),(506,36,32,NULL,NULL,NULL,'2025-05-28 16:08:45'),(507,10,74,NULL,NULL,NULL,'2025-05-28 16:08:45'),(508,10,94,NULL,NULL,NULL,'2025-05-28 16:08:45'),(509,10,35,NULL,NULL,NULL,'2025-05-28 16:08:45'),(510,46,71,NULL,NULL,NULL,'2025-05-28 16:09:00'),(511,46,111,NULL,NULL,NULL,'2025-05-28 16:09:00'),(512,46,47,NULL,NULL,NULL,'2025-05-28 16:09:00'),(513,20,42,NULL,NULL,NULL,'2025-08-29 22:28:47'),(514,44,56,NULL,NULL,NULL,'2025-08-29 22:53:11'),(515,11,51,NULL,NULL,NULL,'2025-08-29 22:53:11'),(516,42,43,NULL,NULL,NULL,'2025-08-29 22:53:11'),(517,13,57,NULL,NULL,NULL,'2025-08-29 22:53:11'),(518,2,49,NULL,NULL,NULL,'2025-08-29 22:53:11'),(519,19,42,NULL,NULL,NULL,'2025-08-29 22:53:24'),(520,24,56,NULL,NULL,NULL,'2025-08-29 22:53:24'),(521,23,49,NULL,NULL,NULL,'2025-08-29 22:53:24'),(522,37,51,NULL,NULL,NULL,'2025-08-29 22:53:24'),(523,32,58,NULL,NULL,NULL,'2025-08-29 22:53:24'),(524,51,51,NULL,NULL,NULL,'2025-08-29 22:53:39'),(525,10,50,NULL,NULL,NULL,'2025-08-29 22:53:39'),(526,16,44,NULL,NULL,NULL,'2025-08-29 22:53:39'),(527,48,51,NULL,NULL,NULL,'2025-08-29 22:53:39'),(528,1,44,NULL,NULL,NULL,'2025-08-29 22:53:39'),(529,57,44,NULL,NULL,NULL,'2025-08-29 22:53:55'),(530,26,42,NULL,NULL,NULL,'2025-08-29 22:53:55'),(531,18,49,NULL,NULL,NULL,'2025-08-29 22:53:55'),(532,59,43,NULL,NULL,NULL,'2025-08-29 22:53:55'),(533,3,50,NULL,NULL,NULL,'2025-08-29 22:53:55'),(534,54,49,NULL,NULL,NULL,'2025-08-29 22:53:55'),(535,27,51,'',NULL,'','2025-08-29 22:53:55'),(536,34,44,'',NULL,'','2025-08-29 22:53:55'),(537,21,49,NULL,NULL,NULL,'2025-08-29 22:53:55'),(538,39,51,NULL,NULL,NULL,'2025-08-29 22:53:55'),(539,36,43,NULL,NULL,NULL,'2025-08-29 22:53:55'),(540,30,50,'',NULL,'','2025-08-29 22:53:55'),(541,20,49,NULL,NULL,NULL,'2025-08-29 22:53:55'),(542,52,43,'',NULL,'做的不错','2025-08-29 22:54:01'),(543,25,42,'',NULL,'','2025-08-29 22:54:01'),(544,5,42,NULL,NULL,NULL,'2025-08-29 22:54:01'),(545,9,44,NULL,NULL,NULL,'2025-08-29 22:54:01'),(546,6,58,NULL,NULL,NULL,'2025-08-29 22:54:11'),(547,7,58,NULL,NULL,NULL,'2025-08-29 22:54:11'),(548,53,44,NULL,NULL,NULL,'2025-08-29 22:54:11'),(549,35,43,NULL,NULL,NULL,'2025-08-29 22:54:11'),(550,12,51,NULL,NULL,NULL,'2025-08-29 22:54:11'),(551,8,42,NULL,NULL,NULL,'2025-08-29 22:54:11'),(552,40,51,NULL,NULL,NULL,'2025-08-29 22:54:11'),(553,58,49,NULL,NULL,NULL,'2025-08-29 22:54:28'),(554,28,58,NULL,NULL,NULL,'2025-08-29 22:54:28'),(555,43,43,NULL,NULL,NULL,'2025-08-29 22:54:28'),(556,14,58,NULL,NULL,NULL,'2025-08-29 22:54:28'),(557,56,51,NULL,NULL,NULL,'2025-08-29 22:54:28'),(558,55,56,NULL,NULL,NULL,'2025-08-29 22:54:28'),(559,49,58,NULL,NULL,NULL,'2025-08-29 22:54:28'),(560,38,43,NULL,NULL,NULL,'2025-08-29 22:54:28'),(561,22,56,NULL,NULL,NULL,'2025-08-29 22:54:28'),(562,33,44,NULL,NULL,NULL,'2025-08-29 22:54:28'),(563,50,43,NULL,NULL,NULL,'2025-08-29 22:54:28'),(564,4,50,NULL,NULL,NULL,'2025-08-29 22:54:28'),(565,41,43,NULL,NULL,NULL,'2025-08-29 22:54:28'),(566,46,42,NULL,NULL,NULL,'2025-08-29 22:54:28'),(567,31,43,'',NULL,'','2025-08-29 22:54:28'),(568,15,42,NULL,NULL,NULL,'2025-08-29 22:54:28'),(569,45,44,NULL,NULL,NULL,'2025-08-29 22:54:28'),(570,29,58,NULL,NULL,NULL,'2025-08-29 22:54:28'),(571,17,42,NULL,NULL,NULL,'2025-08-29 22:54:28');
/*!40000 ALTER TABLE `student_records` ENABLE KEYS */;

#
# Structure for table "students"
#

DROP TABLE IF EXISTS `students`;
CREATE TABLE `students` (
  `student_id` int(11) NOT NULL AUTO_INCREMENT,
  `class_id` int(11) DEFAULT NULL,
  `student_name` varchar(50) COLLATE utf8_unicode_ci DEFAULT NULL,
  PRIMARY KEY (`student_id`),
  KEY `class_id` (`class_id`)
) ENGINE=MyISAM AUTO_INCREMENT=60 DEFAULT CHARSET=utf8 COLLATE=utf8_unicode_ci;

#
# Data for table "students"
#

/*!40000 ALTER TABLE `students` DISABLE KEYS */;
INSERT INTO `students` VALUES (1,1,'彭'),(2,1,'杨'),(3,1,'杨2'),(4,1,'唐'),(5,1,'周'),(6,1,'肖'),(7,1,'杨3'),(8,1,'吴'),(9,1,'唐'),(10,1,'罗'),(11,1,'赵'),(12,1,'唐2'),(13,1,'王'),(14,1,'李'),(15,1,'杨'),(16,1,'杨2'),(17,1,'吴'),(18,1,'郑'),(19,1,'谢'),(20,1,'万'),(21,1,'唐2'),(22,1,'周靖'),(23,1,'柳郑茂'),(24,1,'罗梓航'),(25,1,'古桠萱'),(26,1,'陈若燨'),(27,1,'岑欣晔'),(28,1,'周俊宏'),(29,1,'孙宇涵'),(30,1,'何轹繇'),(31,1,'范天伊'),(32,1,'杨力川'),(33,1,'刘林峰'),(34,1,'孙翔秩'),(35,1,'宋雨廷'),(36,1,'叶海瑶'),(37,2,'杨彦海'),(38,2,'寇梦冉'),(39,2,'周毅星'),(40,2,'万玮琳'),(41,2,'崔竣然'),(42,2,'罗鸿宇'),(43,2,'宋思妍'),(44,2,'陈语萱'),(45,2,'张宇坤'),(46,2,'杨启'),(48,2,'杨咏锟'),(49,2,'李鹏程'),(50,2,'卢硕'),(51,2,'郑程玥'),(52,2,'代阳'),(53,2,'张浩燃'),(54,2,'张玉洁'),(55,2,'程梓'),(56,2,'牟庭槿'),(57,2,'高瑞燊'),(58,2,'任漪侨'),(59,1,'王浩文');
/*!40000 ALTER TABLE `students` ENABLE KEYS */;

#
# Structure for table "users"
#

DROP TABLE IF EXISTS `users`;
CREATE TABLE `users` (
  `id` int(11) NOT NULL AUTO_INCREMENT,
  `username` varchar(50) COLLATE utf8_unicode_ci NOT NULL,
  `password` varchar(255) COLLATE utf8_unicode_ci NOT NULL,
  `role` enum('admin','teacher','assistant') COLLATE utf8_unicode_ci DEFAULT 'teacher',
  `created_at` timestamp NOT NULL DEFAULT CURRENT_TIMESTAMP,
  PRIMARY KEY (`id`),
  UNIQUE KEY `username` (`username`)
) ENGINE=MyISAM AUTO_INCREMENT=2 DEFAULT CHARSET=utf8 COLLATE=utf8_unicode_ci;

#
# Data for table "users"
#

/*!40000 ALTER TABLE `users` DISABLE KEYS */;
INSERT INTO `users` VALUES (1,'王敬晨','888888','teacher','2025-05-19 04:03:52');
/*!40000 ALTER TABLE `users` ENABLE KEYS */;
